id,authorName,authorSource,publicationString,relatedN,savingTime,sourceTitle,sourceVideoId,watcher,related_index,related_title,verified,related_source,related_vizstr,foryou,related_videoId,related_displayTime,related_expandedTime,related_viz,related_duration,related_timeago,likes,dislikes,viewStr,viewNumber
46e2fff75bbc798cce53388de80e9ac7e9f8a6ef,Official Rick Astley,/channel/UCuAXFkgsw1L7xaCfnd5JJOw,Pubblicato il 25 ott 2009,19,2019-08-18T14:17:52.173Z,Rick Astley - Never Gonna Give You Up (Video),dQw4w9WgXcQ,garbanzo-muffin-orzo,1,Guardians of the Galaxy Awesome Mix Vol 1  Vol 2 Full Soundtrack di Felipe Thiesen,False,Felipe Thiesen,11 Mln visualizzazioni1 anno fa,False,Kt-tLuszKBA,,,11.256.368 visualizzazioni,53 minuti,1 anno fa,4.055.235 Mi piace,173.721 Non mi piace,591.867.841 visualizzazioni,591867841
46e2fff75bbc798cce53388de80e9ac7e9f8a6ef,Official Rick Astley,/channel/UCuAXFkgsw1L7xaCfnd5JJOw,Pubblicato il 25 ott 2009,19,2019-08-18T14:17:52.173Z,Rick Astley - Never Gonna Give You Up (Video),dQw4w9WgXcQ,garbanzo-muffin-orzo,2,Gorillaz - 19-2000 (Official Video) di Gorillaz 3 anni fa,True,Gorillaz,64 Mln visualizzazioni3 anni fa,False,WXR-bCF5dbM,,,64.692.359 visualizzazioni,56 secondi,3 minuti e,4.055.235 Mi piace,173.721 Non mi piace,591.867.841 visualizzazioni,591867841
46e2fff75bbc798cce53388de80e9ac7e9f8a6ef,Official Rick Astley,/channel/UCuAXFkgsw1L7xaCfnd5JJOw,Pubblicato il 25 ott 2009,19,2019-08-18T14:17:52.173Z,Rick Astley - Never Gonna Give You Up (Video),dQw4w9WgXcQ,garbanzo-muffin-orzo,3,How light pens and light guns work NES Zapper di The 8-Bit Guy,True,The 8-Bit Guy,"1,1 Mln visualizzazioni2 anni fa",False,Nu-Hoj4EIjU,,,1.184.658 visualizzazioni,13 minuti,2 anni fa,4.055.235 Mi piace,173.721 Non mi piace,591.867.841 visualizzazioni,591867841
46e2fff75bbc798cce53388de80e9ac7e9f8a6ef,Official Rick Astley,/channel/UCuAXFkgsw1L7xaCfnd5JJOw,Pubblicato il 25 ott 2009,19,2019-08-18T14:17:52.173Z,Rick Astley - Never Gonna Give You Up (Video),dQw4w9WgXcQ,garbanzo-muffin-orzo,4,Avril Lavigne - My Happy Ending (Legendado) di Fabricio Moreira 1 anno fa,True,Fabricio Moreira,"1,9 Mln visualizzazioni1 anno fa",False,KAkHbPhh1ac,,,1.968.125 visualizzazioni,1 secondo,4 minuti e,4.055.235 Mi piace,173.721 Non mi piace,591.867.841 visualizzazioni,591867841
46e2fff75bbc798cce53388de80e9ac7e9f8a6ef,Official Rick Astley,/channel/UCuAXFkgsw1L7xaCfnd5JJOw,Pubblicato il 25 ott 2009,19,2019-08-18T14:17:52.173Z,Rick Astley - Never Gonna Give You Up (Video),dQw4w9WgXcQ,garbanzo-muffin-orzo,5,Back when cameras used... Floppy Disks?  Sony Mavica di The 8-Bit Guy,True,The 8-Bit Guy,"1,2 Mln visualizzazioni2 anni fa",False,4J0Aw2Z-8-k,,,1.254.592 visualizzazioni,21 minuti,2 anni fa,4.055.235 Mi piace,173.721 Non mi piace,591.867.841 visualizzazioni,591867841
46e2fff75bbc798cce53388de80e9ac7e9f8a6ef,Official Rick Astley,/channel/UCuAXFkgsw1L7xaCfnd5JJOw,Pubblicato il 25 ott 2009,19,2019-08-18T14:17:52.173Z,Rick Astley - Never Gonna Give You Up (Video),dQw4w9WgXcQ,garbanzo-muffin-orzo,6,Mix Estate 2019 - Canzoni del Momento Dell'estate 2019 di #RedMusicItaly 3 settimane fa,False,#RedMusicItaly,"2,4 Mln visualizzazioni3 settimane fa",False,rod0_A10z14,,,2.413.682 visualizzazioni,7 minuti,1 ora e,4.055.235 Mi piace,173.721 Non mi piace,591.867.841 visualizzazioni,591867841
46e2fff75bbc798cce53388de80e9ac7e9f8a6ef,Official Rick Astley,/channel/UCuAXFkgsw1L7xaCfnd5JJOw,Pubblicato il 25 ott 2009,19,2019-08-18T14:17:52.173Z,Rick Astley - Never Gonna Give You Up (Video),dQw4w9WgXcQ,garbanzo-muffin-orzo,7,Nanowar Of Steel - Norwegian Reggaeton (feat. Charly Glamour & Gigatron) di nanowarVEVO 1 mese fa,False,nanowarVEVO,"2,8 Mln visualizzazioni1 mese fa",False,j0YXfeNxJJ0,,,2.865.899 visualizzazioni,30 secondi,5 minuti e,4.055.235 Mi piace,173.721 Non mi piace,591.867.841 visualizzazioni,591867841
46e2fff75bbc798cce53388de80e9ac7e9f8a6ef,Official Rick Astley,/channel/UCuAXFkgsw1L7xaCfnd5JJOw,Pubblicato il 25 ott 2009,19,2019-08-18T14:17:52.173Z,Rick Astley - Never Gonna Give You Up (Video),dQw4w9WgXcQ,garbanzo-muffin-orzo,8,Behind Blue Eyes - Limp Bizkit di CimerianArcananum 8 anni fa,False,CimerianArcananum,"3,6 Mln visualizzazioni8 anni fa",False,tyuWYs8Oaqs,,,3.692.711 visualizzazioni,7 secondi,6 minuti e,4.055.235 Mi piace,173.721 Non mi piace,591.867.841 visualizzazioni,591867841
46e2fff75bbc798cce53388de80e9ac7e9f8a6ef,Official Rick Astley,/channel/UCuAXFkgsw1L7xaCfnd5JJOw,Pubblicato il 25 ott 2009,19,2019-08-18T14:17:52.173Z,Rick Astley - Never Gonna Give You Up (Video),dQw4w9WgXcQ,garbanzo-muffin-orzo,9,Thirty Seconds To Mars - From Yesterday (The Full Length Short Film) di ThirtySecondsToMarsVEVO,True,THIRTY SECONDS TO MARS,"4,7 Mln visualizzazioni8 anni fa",False,7JCl0O0oWlA,,,4.722.393 visualizzazioni,13 minuti,8 anni fa,4.055.235 Mi piace,173.721 Non mi piace,591.867.841 visualizzazioni,591867841
46e2fff75bbc798cce53388de80e9ac7e9f8a6ef,Official Rick Astley,/channel/UCuAXFkgsw1L7xaCfnd5JJOw,Pubblicato il 25 ott 2009,19,2019-08-18T14:17:52.173Z,Rick Astley - Never Gonna Give You Up (Video),dQw4w9WgXcQ,garbanzo-muffin-orzo,10,Suicide Squad - Heathens di Sarah 3 anni fa,False,Sarah,"8,6 Mln visualizzazioni3 anni fa",False,_W1BTuAlvlw,,,8.681.502 visualizzazioni,15 secondi,3 minuti e,4.055.235 Mi piace,173.721 Non mi piace,591.867.841 visualizzazioni,591867841
46e2fff75bbc798cce53388de80e9ac7e9f8a6ef,Official Rick Astley,/channel/UCuAXFkgsw1L7xaCfnd5JJOw,Pubblicato il 25 ott 2009,19,2019-08-18T14:17:52.173Z,Rick Astley - Never Gonna Give You Up (Video),dQw4w9WgXcQ,garbanzo-muffin-orzo,11,Footloose de Kenny Loogins di Rubielmex 8 anni fa,False,Rubielmex,"5,1 Mln visualizzazioni8 anni fa",False,fIDDS1sz1ZU,,,5.107.901 visualizzazioni,50 secondi,3 minuti e,4.055.235 Mi piace,173.721 Non mi piace,591.867.841 visualizzazioni,591867841
46e2fff75bbc798cce53388de80e9ac7e9f8a6ef,Official Rick Astley,/channel/UCuAXFkgsw1L7xaCfnd5JJOw,Pubblicato il 25 ott 2009,19,2019-08-18T14:17:52.173Z,Rick Astley - Never Gonna Give You Up (Video),dQw4w9WgXcQ,garbanzo-muffin-orzo,12,OutKast - Hey Ya! (Official Music Video) di OutkastVEVO 9 anni fa,True,OutKast,417 Mln visualizzazioni9 anni fa,False,PWgvGjAhvIw,,,417.061.269 visualizzazioni,3 secondi,5 minuti e,4.055.235 Mi piace,173.721 Non mi piace,591.867.841 visualizzazioni,591867841
46e2fff75bbc798cce53388de80e9ac7e9f8a6ef,Official Rick Astley,/channel/UCuAXFkgsw1L7xaCfnd5JJOw,Pubblicato il 25 ott 2009,19,2019-08-18T14:17:52.173Z,Rick Astley - Never Gonna Give You Up (Video),dQw4w9WgXcQ,garbanzo-muffin-orzo,13,Cascada - Everytime We Touch di Supreme Sounds 11 anni fa,False,Supreme Sounds,"3,5 Mln visualizzazioni11 anni fa",False,jylhbkhjfLc,,,3.545.911 visualizzazioni,20 secondi,3 minuti e,4.055.235 Mi piace,173.721 Non mi piace,591.867.841 visualizzazioni,591867841
46e2fff75bbc798cce53388de80e9ac7e9f8a6ef,Official Rick Astley,/channel/UCuAXFkgsw1L7xaCfnd5JJOw,Pubblicato il 25 ott 2009,19,2019-08-18T14:17:52.173Z,Rick Astley - Never Gonna Give You Up (Video),dQw4w9WgXcQ,garbanzo-muffin-orzo,14,GIGI D'AGOSTINO - L'AMOUR TOUJOURS (ORIGINAL VERSION) di Nicola Bernardi 3 anni fa,False,Nicola Bernardi,"4,8 Mln visualizzazioni3 anni fa",False,AafuCyCL6aM,,,4.833.240 visualizzazioni,44 secondi,4 minuti e,4.055.235 Mi piace,173.721 Non mi piace,591.867.841 visualizzazioni,591867841
46e2fff75bbc798cce53388de80e9ac7e9f8a6ef,Official Rick Astley,/channel/UCuAXFkgsw1L7xaCfnd5JJOw,Pubblicato il 25 ott 2009,19,2019-08-18T14:17:52.173Z,Rick Astley - Never Gonna Give You Up (Video),dQw4w9WgXcQ,garbanzo-muffin-orzo,15,Eiffel 65 - Blue (Da Ba Dee) [Gabry Ponte Ice Pop Mix] (Original Video with subtitles) di Bliss Corporation 9 anni fa,True,Bliss Corporation,191 Mln visualizzazioni9 anni fa,False,68ugkg9RePc,,,191.280.830 visualizzazioni,40 secondi,3 minuti e,4.055.235 Mi piace,173.721 Non mi piace,591.867.841 visualizzazioni,591867841
46e2fff75bbc798cce53388de80e9ac7e9f8a6ef,Official Rick Astley,/channel/UCuAXFkgsw1L7xaCfnd5JJOw,Pubblicato il 25 ott 2009,19,2019-08-18T14:17:52.173Z,Rick Astley - Never Gonna Give You Up (Video),dQw4w9WgXcQ,garbanzo-muffin-orzo,16,My Chemical Romance - I Don't Love You (Outtake Version) di My Chemical Romance,True,My Chemical Romance,"1,1 Mln visualizzazioni1 anno fa",False,eHaR7n0LbBQ,,,1.124.516 visualizzazioni,14 minuti,1 anno fa,4.055.235 Mi piace,173.721 Non mi piace,591.867.841 visualizzazioni,591867841
46e2fff75bbc798cce53388de80e9ac7e9f8a6ef,Official Rick Astley,/channel/UCuAXFkgsw1L7xaCfnd5JJOw,Pubblicato il 25 ott 2009,19,2019-08-18T14:17:52.173Z,Rick Astley - Never Gonna Give You Up (Video),dQw4w9WgXcQ,garbanzo-muffin-orzo,17,My Chemical Romance - Welcome To The Black Parade [Official Music Video] di My Chemical Romance 9 anni fa,True,My Chemical Romance,117 Mln visualizzazioni9 anni fa,False,RRKJiM9Njr8,,,117.737.753 visualizzazioni,15 secondi,5 minuti e,4.055.235 Mi piace,173.721 Non mi piace,591.867.841 visualizzazioni,591867841
46e2fff75bbc798cce53388de80e9ac7e9f8a6ef,Official Rick Astley,/channel/UCuAXFkgsw1L7xaCfnd5JJOw,Pubblicato il 25 ott 2009,19,2019-08-18T14:17:52.173Z,Rick Astley - Never Gonna Give You Up (Video),dQw4w9WgXcQ,garbanzo-muffin-orzo,18,demolition lovers // my chemical romance - lyrics di valen loves coffee 2 anni fa,False,valen loves coffee,"1,8 Mln visualizzazioni2 anni fa",False,GTDgMWFsbns,,,1.881.242 visualizzazioni,15 secondi,6 minuti e,4.055.235 Mi piace,173.721 Non mi piace,591.867.841 visualizzazioni,591867841
46e2fff75bbc798cce53388de80e9ac7e9f8a6ef,Official Rick Astley,/channel/UCuAXFkgsw1L7xaCfnd5JJOw,Pubblicato il 25 ott 2009,19,2019-08-18T14:17:52.173Z,Rick Astley - Never Gonna Give You Up (Video),dQw4w9WgXcQ,garbanzo-muffin-orzo,19,My Chemical Romance - Helena (Official Music Video) di My Chemical Romance 12 anni fa,True,My Chemical Romance,20 Mln visualizzazioni12 anni fa,False,WcwweoJDkV0,,,20.858.014 visualizzazioni,31 secondi,3 minuti e,4.055.235 Mi piace,173.721 Non mi piace,591.867.841 visualizzazioni,591867841
46e2fff75bbc798cce53388de80e9ac7e9f8a6ef,Official Rick Astley,/channel/UCuAXFkgsw1L7xaCfnd5JJOw,Pubblicato il 25 ott 2009,19,2019-08-18T14:17:52.173Z,Rick Astley - Never Gonna Give You Up (Video),dQw4w9WgXcQ,garbanzo-muffin-orzo,20,My Chemical Romance - Helena [Official Music Video] di My Chemical Romance 9 anni fa,True,My Chemical Romance,95 Mln visualizzazioni9 anni fa,False,UCCyoocDxBA,,,95.010.275 visualizzazioni,31 secondi,3 minuti e,4.055.235 Mi piace,173.721 Non mi piace,591.867.841 visualizzazioni,591867841
46e2fff75bbc798cce53388de80e9ac7e9f8a6ef,Official Rick Astley,/channel/UCuAXFkgsw1L7xaCfnd5JJOw,Pubblicato il 25 ott 2009,19,2019-08-18T14:17:52.173Z,Rick Astley - Never Gonna Give You Up (Video),dQw4w9WgXcQ,garbanzo-muffin-orzo,21,My Chemical Romance - The Ghost Of You [Official Music Video] di My Chemical Romance 9 anni fa,True,My Chemical Romance,73 Mln visualizzazioni9 anni fa,False,uCUpvTMis-Y,,,73.502.484 visualizzazioni,25 secondi,3 minuti e,4.055.235 Mi piace,173.721 Non mi piace,591.867.841 visualizzazioni,591867841
46e2fff75bbc798cce53388de80e9ac7e9f8a6ef,Official Rick Astley,/channel/UCuAXFkgsw1L7xaCfnd5JJOw,Pubblicato il 25 ott 2009,19,2019-08-18T14:17:52.173Z,Rick Astley - Never Gonna Give You Up (Video),dQw4w9WgXcQ,garbanzo-muffin-orzo,22,Holiday / Boulevard of Broken Dreams di Green Day - Topic 4 anni fa,True,Green Day,"2,2 Mln visualizzazioni4 anni fa",False,dlejA2rlF3I,,,2.261.011 visualizzazioni,14 secondi,8 minuti e,4.055.235 Mi piace,173.721 Non mi piace,591.867.841 visualizzazioni,591867841
46e2fff75bbc798cce53388de80e9ac7e9f8a6ef,Official Rick Astley,/channel/UCuAXFkgsw1L7xaCfnd5JJOw,Pubblicato il 25 ott 2009,19,2019-08-18T14:17:52.173Z,Rick Astley - Never Gonna Give You Up (Video),dQw4w9WgXcQ,garbanzo-muffin-orzo,23,Green Day - Jesus Of Suburbia (Short Version) [Official Music Video] di Green Day 9 anni fa,True,Green Day,37 Mln visualizzazioni9 anni fa,False,FNKPYhXmzoE,,,37.909.817 visualizzazioni,6 secondi,9 minuti e,4.055.235 Mi piace,173.721 Non mi piace,591.867.841 visualizzazioni,591867841
46e2fff75bbc798cce53388de80e9ac7e9f8a6ef,Official Rick Astley,/channel/UCuAXFkgsw1L7xaCfnd5JJOw,Pubblicato il 25 ott 2009,19,2019-08-18T14:17:52.173Z,Rick Astley - Never Gonna Give You Up (Video),dQw4w9WgXcQ,garbanzo-muffin-orzo,24,"Green Day: ""Boulevard Of Broken Dreams"" - [Official Video] di Green Day 6 anni fa",True,Green Day,338 Mln visualizzazioni6 anni fa,False,Soa3gO7tL-c,,,338.302.220 visualizzazioni,48 secondi,4 minuti e,4.055.235 Mi piace,173.721 Non mi piace,591.867.841 visualizzazioni,591867841
46e2fff75bbc798cce53388de80e9ac7e9f8a6ef,Official Rick Astley,/channel/UCuAXFkgsw1L7xaCfnd5JJOw,Pubblicato il 25 ott 2009,19,2019-08-18T14:17:52.173Z,Rick Astley - Never Gonna Give You Up (Video),dQw4w9WgXcQ,garbanzo-muffin-orzo,25,"Green Day: ""Oh Love"" - [Official Video] di Green Day 7 anni fa",True,Green Day,36 Mln visualizzazioni7 anni fa,False,IWwMqa-_210,,,36.759.552 visualizzazioni,9 secondi,5 minuti e,4.055.235 Mi piace,173.721 Non mi piace,591.867.841 visualizzazioni,591867841
46e2fff75bbc798cce53388de80e9ac7e9f8a6ef,Official Rick Astley,/channel/UCuAXFkgsw1L7xaCfnd5JJOw,Pubblicato il 25 ott 2009,19,2019-08-18T14:17:52.173Z,Rick Astley - Never Gonna Give You Up (Video),dQw4w9WgXcQ,garbanzo-muffin-orzo,26,Green Day - Basket Case [Official Music Video] di Green Day 9 anni fa,True,Green Day,196 Mln visualizzazioni9 anni fa,False,NUTGr5t3MoY,,,196.286.698 visualizzazioni,13 secondi,3 minuti e,4.055.235 Mi piace,173.721 Non mi piace,591.867.841 visualizzazioni,591867841
46e2fff75bbc798cce53388de80e9ac7e9f8a6ef,Official Rick Astley,/channel/UCuAXFkgsw1L7xaCfnd5JJOw,Pubblicato il 25 ott 2009,19,2019-08-18T14:17:52.173Z,Rick Astley - Never Gonna Give You Up (Video),dQw4w9WgXcQ,garbanzo-muffin-orzo,27,Green Day - American Idiot [OFFICIAL VIDEO] di Green Day 6 anni fa,True,Green Day,143 Mln visualizzazioni6 anni fa,False,Ee_uujKuJMI,,,143.379.298 visualizzazioni,3 secondi,3 minuti e,4.055.235 Mi piace,173.721 Non mi piace,591.867.841 visualizzazioni,591867841
b2a48bdfddc7a9a0cd0f706da9c850dc790d7c41,Official Rick Astley,/channel/UCuAXFkgsw1L7xaCfnd5JJOw,"Published on Oct 24, 2009",19,2019-06-24T14:16:55.995Z,Rick Astley - Never Gonna Give You Up (Video),dQw4w9WgXcQ,tangelo-blueberry-date,1,Rick Astley Never gonna give you up lyrics!!! by Jaysean 10 years ago,False,Jaysean,18M views,False,6_b7RDuLwcI,3:46,"3 minutes, 46 seconds","18,945,648 views",46 seconds,"3 minutes,","3,911,666 likes","169,091 dislikes","573,829,311 views",573829311
b2a48bdfddc7a9a0cd0f706da9c850dc790d7c41,Official Rick Astley,/channel/UCuAXFkgsw1L7xaCfnd5JJOw,"Published on Oct 24, 2009",19,2019-06-24T14:16:55.995Z,Rick Astley - Never Gonna Give You Up (Video),dQw4w9WgXcQ,tangelo-blueberry-date,2,"What you DIDN'T want to know about panda - ""UGLY SCIENCE"" by Barbascura X",True,Barbascura X,Recommended for you,True,waapP8AIi-Q,17:02,17 minutes,"790,779 views",17 minutes,1 year ago,"3,911,666 likes","169,091 dislikes","573,829,311 views",573829311
b2a48bdfddc7a9a0cd0f706da9c850dc790d7c41,Official Rick Astley,/channel/UCuAXFkgsw1L7xaCfnd5JJOw,"Published on Oct 24, 2009",19,2019-06-24T14:16:55.995Z,Rick Astley - Never Gonna Give You Up (Video),dQw4w9WgXcQ,tangelo-blueberry-date,3,"“Foucault, una lettura” – Antonio Negri by Andrea Cirla 5 months ago",False,Andrea Cirla,Recommended for you,True,8zcvewYsXx8,1:02:14,"1 hour, 2 minutes","2,630 views",2 minutes,"1 hour,","3,911,666 likes","169,091 dislikes","573,829,311 views",573829311
b2a48bdfddc7a9a0cd0f706da9c850dc790d7c41,Official Rick Astley,/channel/UCuAXFkgsw1L7xaCfnd5JJOw,"Published on Oct 24, 2009",19,2019-06-24T14:16:55.995Z,Rick Astley - Never Gonna Give You Up (Video),dQw4w9WgXcQ,tangelo-blueberry-date,4,Guardians of the Galaxy Awesome Mix Vol 1  Vol 2 Full Soundtrack by Felipe Thiesen,False,Felipe Thiesen,7.8M views,False,Kt-tLuszKBA,53:38,53 minutes,"7,868,747 views",53 minutes,1 year ago,"3,911,666 likes","169,091 dislikes","573,829,311 views",573829311
b2a48bdfddc7a9a0cd0f706da9c850dc790d7c41,Official Rick Astley,/channel/UCuAXFkgsw1L7xaCfnd5JJOw,"Published on Oct 24, 2009",19,2019-06-24T14:16:55.995Z,Rick Astley - Never Gonna Give You Up (Video),dQw4w9WgXcQ,tangelo-blueberry-date,5,"Earth, Wind & Fire - September (Official Music Video) by Earth Wind & Fire 6 years ago",True,Earth Wind & Fire,320M views,False,Gs069dndIYk,3:36,"3 minutes, 36 seconds","320,582,428 views",36 seconds,"3 minutes,","3,911,666 likes","169,091 dislikes","573,829,311 views",573829311
b2a48bdfddc7a9a0cd0f706da9c850dc790d7c41,Official Rick Astley,/channel/UCuAXFkgsw1L7xaCfnd5JJOw,"Published on Oct 24, 2009",19,2019-06-24T14:16:55.995Z,Rick Astley - Never Gonna Give You Up (Video),dQw4w9WgXcQ,tangelo-blueberry-date,6,"""La Quarta Teoria politica"" - Intervista ad Andrea Virga by IlPensieroForte GiornaleWeb 11 months ago",False,IlPensieroForte GiornaleWeb,Recommended for you,True,ZRW3qj3lzbM,3:18,"3 minutes, 18 seconds",669 views,18 seconds,"3 minutes,","3,911,666 likes","169,091 dislikes","573,829,311 views",573829311
b2a48bdfddc7a9a0cd0f706da9c850dc790d7c41,Official Rick Astley,/channel/UCuAXFkgsw1L7xaCfnd5JJOw,"Published on Oct 24, 2009",19,2019-06-24T14:16:55.995Z,Rick Astley - Never Gonna Give You Up (Video),dQw4w9WgXcQ,tangelo-blueberry-date,7,Bee Gees - Stayin' Alive (1977) by beegees 9 years ago,True,beegees,437M views,False,I_izvAbhExY,4:03,"4 minutes, 3 seconds","437,646,556 views",3 seconds,"4 minutes,","3,911,666 likes","169,091 dislikes","573,829,311 views",573829311
b2a48bdfddc7a9a0cd0f706da9c850dc790d7c41,Official Rick Astley,/channel/UCuAXFkgsw1L7xaCfnd5JJOw,"Published on Oct 24, 2009",19,2019-06-24T14:16:55.995Z,Rick Astley - Never Gonna Give You Up (Video),dQw4w9WgXcQ,tangelo-blueberry-date,8,Top 100 Best Songs Of All Time by Top Music Channel,False,Top Music Channel,15M views,False,zSmjW5fNUZA,17:53,17 minutes,"15,955,423 views",17 minutes,2 years ago,"3,911,666 likes","169,091 dislikes","573,829,311 views",573829311
b2a48bdfddc7a9a0cd0f706da9c850dc790d7c41,Official Rick Astley,/channel/UCuAXFkgsw1L7xaCfnd5JJOw,"Published on Oct 24, 2009",19,2019-06-24T14:16:55.995Z,Rick Astley - Never Gonna Give You Up (Video),dQw4w9WgXcQ,tangelo-blueberry-date,9,Billie Jean by Michael Jackson 2 years ago,True,Michael Jackson,21M views,False,Kr4EQDVETuA,4:55,"4 minutes, 55 seconds","21,703,896 views",55 seconds,"4 minutes,","3,911,666 likes","169,091 dislikes","573,829,311 views",573829311
b2a48bdfddc7a9a0cd0f706da9c850dc790d7c41,Official Rick Astley,/channel/UCuAXFkgsw1L7xaCfnd5JJOw,"Published on Oct 24, 2009",19,2019-06-24T14:16:55.995Z,Rick Astley - Never Gonna Give You Up (Video),dQw4w9WgXcQ,tangelo-blueberry-date,10,"Oliver Cheatham, Get Down Saturday Night (Funk 1983) Full HD ! by Filippo Polito 6 years ago",False,Filippo Polito,17M views,False,uUqcBwQjj4k,6:26,"6 minutes, 26 seconds","17,333,363 views",26 seconds,"6 minutes,","3,911,666 likes","169,091 dislikes","573,829,311 views",573829311
b2a48bdfddc7a9a0cd0f706da9c850dc790d7c41,Official Rick Astley,/channel/UCuAXFkgsw1L7xaCfnd5JJOw,"Published on Oct 24, 2009",19,2019-06-24T14:16:55.995Z,Rick Astley - Never Gonna Give You Up (Video),dQw4w9WgXcQ,tangelo-blueberry-date,11,Eurythmics - Sweet Dreams (Are Made Of This) (Official Video) by Eurythmics 9 years ago,True,Eurythmics,356M views,False,qeMFqkcPYcg,3:35,"3 minutes, 35 seconds","356,413,220 views",35 seconds,"3 minutes,","3,911,666 likes","169,091 dislikes","573,829,311 views",573829311
b2a48bdfddc7a9a0cd0f706da9c850dc790d7c41,Official Rick Astley,/channel/UCuAXFkgsw1L7xaCfnd5JJOw,"Published on Oct 24, 2009",19,2019-06-24T14:16:55.995Z,Rick Astley - Never Gonna Give You Up (Video),dQw4w9WgXcQ,tangelo-blueberry-date,12,Eye of the Tiger by Survivor Band 2 years ago,True,Survivor Band,11M views,False,i3UVZaIcL6k,4:06,"4 minutes, 6 seconds","11,108,684 views",6 seconds,"4 minutes,","3,911,666 likes","169,091 dislikes","573,829,311 views",573829311
b2a48bdfddc7a9a0cd0f706da9c850dc790d7c41,Official Rick Astley,/channel/UCuAXFkgsw1L7xaCfnd5JJOw,"Published on Oct 24, 2009",19,2019-06-24T14:16:55.995Z,Rick Astley - Never Gonna Give You Up (Video),dQw4w9WgXcQ,tangelo-blueberry-date,13,MC Hammer - U Can't Touch This (Best Quality [very HQ]) by UselezzUtuber 7 years ago,False,UselezzUtuber,15M views,False,_NNYI8VbFyY,4:16,"4 minutes, 16 seconds","15,771,608 views",16 seconds,"4 minutes,","3,911,666 likes","169,091 dislikes","573,829,311 views",573829311
b2a48bdfddc7a9a0cd0f706da9c850dc790d7c41,Official Rick Astley,/channel/UCuAXFkgsw1L7xaCfnd5JJOw,"Published on Oct 24, 2009",19,2019-06-24T14:16:55.995Z,Rick Astley - Never Gonna Give You Up (Video),dQw4w9WgXcQ,tangelo-blueberry-date,14,"""Weird"" Al Yankovic - Amish Paradise (Official Parody of ""Gangsta's Paradise"") by alyankovic 9 years ago",True,alyankovic,68M views,False,lOfZLb33uCg,3:25,"3 minutes, 25 seconds","68,503,831 views",25 seconds,"3 minutes,","3,911,666 likes","169,091 dislikes","573,829,311 views",573829311
b2a48bdfddc7a9a0cd0f706da9c850dc790d7c41,Official Rick Astley,/channel/UCuAXFkgsw1L7xaCfnd5JJOw,"Published on Oct 24, 2009",19,2019-06-24T14:16:55.995Z,Rick Astley - Never Gonna Give You Up (Video),dQw4w9WgXcQ,tangelo-blueberry-date,15,"""Rick Astley"" Singing Never Gonna Give You Up With The Audience Saturday Night Takeaway 2014 by RandomLikeChannel 5 years ago",False,RandomLikeChannel,1.6M views,False,YwlVgpXXJS0,4:01,"4 minutes, 1 second","1,649,926 views",1 second,"4 minutes,","3,911,666 likes","169,091 dislikes","573,829,311 views",573829311
b2a48bdfddc7a9a0cd0f706da9c850dc790d7c41,Official Rick Astley,/channel/UCuAXFkgsw1L7xaCfnd5JJOw,"Published on Oct 24, 2009",19,2019-06-24T14:16:55.995Z,Rick Astley - Never Gonna Give You Up (Video),dQw4w9WgXcQ,tangelo-blueberry-date,16,Bobby McFerrin - Don't Worry Be Happy by The Real Bobby McFerrin 10 years ago,True,The Real Bobby McFerrin,142M views,False,d-diB65scQU,4:04,"4 minutes, 4 seconds","142,150,077 views",4 seconds,"4 minutes,","3,911,666 likes","169,091 dislikes","573,829,311 views",573829311
b2a48bdfddc7a9a0cd0f706da9c850dc790d7c41,Official Rick Astley,/channel/UCuAXFkgsw1L7xaCfnd5JJOw,"Published on Oct 24, 2009",19,2019-06-24T14:16:55.995Z,Rick Astley - Never Gonna Give You Up (Video),dQw4w9WgXcQ,tangelo-blueberry-date,17,Rick Astley - Together Forever (Official Music Video) by Official Rick Astley 9 years ago,True,Official Rick Astley,76M views,False,yPYZpwSpKmA,3:25,"3 minutes, 25 seconds","76,507,988 views",25 seconds,"3 minutes,","3,911,666 likes","169,091 dislikes","573,829,311 views",573829311
b2a48bdfddc7a9a0cd0f706da9c850dc790d7c41,Official Rick Astley,/channel/UCuAXFkgsw1L7xaCfnd5JJOw,"Published on Oct 24, 2009",19,2019-06-24T14:16:55.995Z,Rick Astley - Never Gonna Give You Up (Video),dQw4w9WgXcQ,tangelo-blueberry-date,18,Grover Washington Jr - Just the two of us by iLiszt 8 years ago,False,iLiszt,32M views,False,WOuI4OqJfQc,3:57,"3 minutes, 57 seconds","32,468,727 views",57 seconds,"3 minutes,","3,911,666 likes","169,091 dislikes","573,829,311 views",573829311
b2a48bdfddc7a9a0cd0f706da9c850dc790d7c41,Official Rick Astley,/channel/UCuAXFkgsw1L7xaCfnd5JJOw,"Published on Oct 24, 2009",19,2019-06-24T14:16:55.995Z,Rick Astley - Never Gonna Give You Up (Video),dQw4w9WgXcQ,tangelo-blueberry-date,19,Haddaway - What is Love *with lyrics* by KnoxNick 10 years ago,False,KnoxNick,8.9M views,False,CuDEP6eFkeA,4:36,"4 minutes, 36 seconds","8,913,238 views",36 seconds,"4 minutes,","3,911,666 likes","169,091 dislikes","573,829,311 views",573829311
2056f0d786f640d9c2931765e477de583bb517ae,Official Rick Astley,/channel/UCuAXFkgsw1L7xaCfnd5JJOw,"Published on Oct 24, 2009",4,2019-06-24T14:14:50.428Z,Rick Astley - Never Gonna Give You Up (Video),dQw4w9WgXcQ,tangelo-blueberry-date,1,Rick Astley Never gonna give you up lyrics!!! by Jaysean 10 years ago,False,Jaysean,18M views,False,6_b7RDuLwcI,,,"18,945,648 views",46 seconds,"3 minutes,","3,911,661 likes","169,092 dislikes","573,829,311 views",573829311
2056f0d786f640d9c2931765e477de583bb517ae,Official Rick Astley,/channel/UCuAXFkgsw1L7xaCfnd5JJOw,"Published on Oct 24, 2009",4,2019-06-24T14:14:50.428Z,Rick Astley - Never Gonna Give You Up (Video),dQw4w9WgXcQ,tangelo-blueberry-date,2,"What you DIDN'T want to know about panda - ""UGLY SCIENCE"" by Barbascura X",False,Barbascura X,Recommended for you,True,waapP8AIi-Q,,,"790,779 views",17 minutes,1 year ago,"3,911,661 likes","169,092 dislikes","573,829,311 views",573829311
2056f0d786f640d9c2931765e477de583bb517ae,Official Rick Astley,/channel/UCuAXFkgsw1L7xaCfnd5JJOw,"Published on Oct 24, 2009",4,2019-06-24T14:14:50.428Z,Rick Astley - Never Gonna Give You Up (Video),dQw4w9WgXcQ,tangelo-blueberry-date,3,"“Foucault, una lettura” – Antonio Negri by Andrea Cirla 5 months ago",False,Andrea Cirla,Recommended for you,True,8zcvewYsXx8,,,"2,630 views",2 minutes,"1 hour,","3,911,661 likes","169,092 dislikes","573,829,311 views",573829311
2056f0d786f640d9c2931765e477de583bb517ae,Official Rick Astley,/channel/UCuAXFkgsw1L7xaCfnd5JJOw,"Published on Oct 24, 2009",4,2019-06-24T14:14:50.428Z,Rick Astley - Never Gonna Give You Up (Video),dQw4w9WgXcQ,tangelo-blueberry-date,4,Guardians of the Galaxy Awesome Mix Vol 1  Vol 2 Full Soundtrack by Felipe Thiesen,False,Felipe Thiesen,Recommended for you,True,Kt-tLuszKBA,,,"7,868,747 views",53 minutes,1 year ago,"3,911,661 likes","169,092 dislikes","573,829,311 views",573829311
c4b2ab3336f8db6aa9134be3431033954791ef6d,Official Rick Astley,/channel/UCuAXFkgsw1L7xaCfnd5JJOw,Pubblicato il 25 ott 2009,19,2019-06-20T09:11:36.696Z,Rick Astley - Never Gonna Give You Up (Video),dQw4w9WgXcQ,milk-quince-alfalfa,1,Toto - Africa (Official Music Video) di Toto Toto 6 anni fa,True,Toto Toto,503 Mln visualizzazioni,False,FTQbiNvZqaY,4:35,4 minuti e 35 secondi,503.790.137 visualizzazioni,35 secondi,4 minuti e,3.897.953 Mi piace,168.724 Non mi piace,571.982.659 visualizzazioni,571982659
c4b2ab3336f8db6aa9134be3431033954791ef6d,Official Rick Astley,/channel/UCuAXFkgsw1L7xaCfnd5JJOw,Pubblicato il 25 ott 2009,19,2019-06-20T09:11:36.696Z,Rick Astley - Never Gonna Give You Up (Video),dQw4w9WgXcQ,milk-quince-alfalfa,2,Bobby McFerrin - Don't Worry Be Happy di The Real Bobby McFerrin 10 anni fa,True,The Real Bobby McFerrin,141 Mln visualizzazioni,False,d-diB65scQU,4:04,4 minuti e 4 secondi,141.597.954 visualizzazioni,4 secondi,4 minuti e,3.897.953 Mi piace,168.724 Non mi piace,571.982.659 visualizzazioni,571982659
c4b2ab3336f8db6aa9134be3431033954791ef6d,Official Rick Astley,/channel/UCuAXFkgsw1L7xaCfnd5JJOw,Pubblicato il 25 ott 2009,19,2019-06-20T09:11:36.696Z,Rick Astley - Never Gonna Give You Up (Video),dQw4w9WgXcQ,milk-quince-alfalfa,3,Survivor - Eye Of The Tiger (Official Music Video) di Survivor Band 9 anni fa,True,Survivor Band,503 Mln visualizzazioni,False,btPJPFnesV4,4:11,4 minuti e 11 secondi,503.209.679 visualizzazioni,11 secondi,4 minuti e,3.897.953 Mi piace,168.724 Non mi piace,571.982.659 visualizzazioni,571982659
c4b2ab3336f8db6aa9134be3431033954791ef6d,Official Rick Astley,/channel/UCuAXFkgsw1L7xaCfnd5JJOw,Pubblicato il 25 ott 2009,19,2019-06-20T09:11:36.696Z,Rick Astley - Never Gonna Give You Up (Video),dQw4w9WgXcQ,milk-quince-alfalfa,4,Daryl Hall & John Oates - Maneater (Official Music Video) di Daryl Hall & John Oates 9 anni fa,True,Daryl Hall & John Oates,108 Mln visualizzazioni,False,yRYFKcMa_Ek,4:25,4 minuti e 25 secondi,108.175.841 visualizzazioni,25 secondi,4 minuti e,3.897.953 Mi piace,168.724 Non mi piace,571.982.659 visualizzazioni,571982659
c4b2ab3336f8db6aa9134be3431033954791ef6d,Official Rick Astley,/channel/UCuAXFkgsw1L7xaCfnd5JJOw,Pubblicato il 25 ott 2009,19,2019-06-20T09:11:36.696Z,Rick Astley - Never Gonna Give You Up (Video),dQw4w9WgXcQ,milk-quince-alfalfa,5,Toto - Hold The Line (Official Music Video) di Toto Toto 6 anni fa,True,Toto Toto,68 Mln visualizzazioni,False,htgr3pvBr-I,3:59,3 minuti e 59 secondi,68.646.838 visualizzazioni,59 secondi,3 minuti e,3.897.953 Mi piace,168.724 Non mi piace,571.982.659 visualizzazioni,571982659
c4b2ab3336f8db6aa9134be3431033954791ef6d,Official Rick Astley,/channel/UCuAXFkgsw1L7xaCfnd5JJOw,Pubblicato il 25 ott 2009,19,2019-06-20T09:11:36.696Z,Rick Astley - Never Gonna Give You Up (Video),dQw4w9WgXcQ,milk-quince-alfalfa,6,The Outfield - Your Love di TheOutfieldVEVO 9 anni fa,True,TheOutfieldVEVO,191 Mln visualizzazioni,False,4N1iwQxiHrs,4:14,4 minuti e 14 secondi,191.858.923 visualizzazioni,14 secondi,4 minuti e,3.897.953 Mi piace,168.724 Non mi piace,571.982.659 visualizzazioni,571982659
c4b2ab3336f8db6aa9134be3431033954791ef6d,Official Rick Astley,/channel/UCuAXFkgsw1L7xaCfnd5JJOw,Pubblicato il 25 ott 2009,19,2019-06-20T09:11:36.696Z,Rick Astley - Never Gonna Give You Up (Video),dQw4w9WgXcQ,milk-quince-alfalfa,7,Michael Sembello Maniac di kidsitalo 6 anni fa,False,kidsitalo,30 Mln visualizzazioni,False,yRxcrAU3oig,5:49,5 minuti e 49 secondi,30.936.067 visualizzazioni,49 secondi,5 minuti e,3.897.953 Mi piace,168.724 Non mi piace,571.982.659 visualizzazioni,571982659
c4b2ab3336f8db6aa9134be3431033954791ef6d,Official Rick Astley,/channel/UCuAXFkgsw1L7xaCfnd5JJOw,Pubblicato il 25 ott 2009,19,2019-06-20T09:11:36.696Z,Rick Astley - Never Gonna Give You Up (Video),dQw4w9WgXcQ,milk-quince-alfalfa,8,Spandau Ballet - True di Spandau Ballet (Official) 10 anni fa,True,Spandau Ballet (Official),114 Mln visualizzazioni,False,AR8D2yqgQ1U,5:17,5 minuti e 17 secondi,114.877.625 visualizzazioni,17 secondi,5 minuti e,3.897.953 Mi piace,168.724 Non mi piace,571.982.659 visualizzazioni,571982659
c4b2ab3336f8db6aa9134be3431033954791ef6d,Official Rick Astley,/channel/UCuAXFkgsw1L7xaCfnd5JJOw,Pubblicato il 25 ott 2009,19,2019-06-20T09:11:36.696Z,Rick Astley - Never Gonna Give You Up (Video),dQw4w9WgXcQ,milk-quince-alfalfa,9,Simple Minds - Don't You (Forget About Me) [Official Video] di Simple Minds 8 anni fa,True,Simple Minds,137 Mln visualizzazioni,False,CdqoNKCCt7A,4:20,4 minuti e 20 secondi,137.220.272 visualizzazioni,20 secondi,4 minuti e,3.897.953 Mi piace,168.724 Non mi piace,571.982.659 visualizzazioni,571982659
c4b2ab3336f8db6aa9134be3431033954791ef6d,Official Rick Astley,/channel/UCuAXFkgsw1L7xaCfnd5JJOw,Pubblicato il 25 ott 2009,19,2019-06-20T09:11:36.696Z,Rick Astley - Never Gonna Give You Up (Video),dQw4w9WgXcQ,milk-quince-alfalfa,10,Haddaway - What is Love *with lyrics* di KnoxNick 10 anni fa,False,KnoxNick,"8,8 Mln visualizzazioni",False,CuDEP6eFkeA,4:36,4 minuti e 36 secondi,8.873.044 visualizzazioni,36 secondi,4 minuti e,3.897.953 Mi piace,168.724 Non mi piace,571.982.659 visualizzazioni,571982659
c4b2ab3336f8db6aa9134be3431033954791ef6d,Official Rick Astley,/channel/UCuAXFkgsw1L7xaCfnd5JJOw,Pubblicato il 25 ott 2009,19,2019-06-20T09:11:36.696Z,Rick Astley - Never Gonna Give You Up (Video),dQw4w9WgXcQ,milk-quince-alfalfa,11,Rick Astley Never gonna give you up lyrics!!! di Jaysean 10 anni fa,False,Jaysean,18 Mln visualizzazioni,False,6_b7RDuLwcI,3:46,3 minuti e 46 secondi,18.917.478 visualizzazioni,46 secondi,3 minuti e,3.897.953 Mi piace,168.724 Non mi piace,571.982.659 visualizzazioni,571982659
c4b2ab3336f8db6aa9134be3431033954791ef6d,Official Rick Astley,/channel/UCuAXFkgsw1L7xaCfnd5JJOw,Pubblicato il 25 ott 2009,19,2019-06-20T09:11:36.696Z,Rick Astley - Never Gonna Give You Up (Video),dQw4w9WgXcQ,milk-quince-alfalfa,12,Rick Astley - Together Forever (Official Music Video) di Official Rick Astley 9 anni fa,True,Official Rick Astley,76 Mln visualizzazioni,False,yPYZpwSpKmA,3:25,3 minuti e 25 secondi,76.181.400 visualizzazioni,25 secondi,3 minuti e,3.897.953 Mi piace,168.724 Non mi piace,571.982.659 visualizzazioni,571982659
c4b2ab3336f8db6aa9134be3431033954791ef6d,Official Rick Astley,/channel/UCuAXFkgsw1L7xaCfnd5JJOw,Pubblicato il 25 ott 2009,19,2019-06-20T09:11:36.696Z,Rick Astley - Never Gonna Give You Up (Video),dQw4w9WgXcQ,milk-quince-alfalfa,13,The Police - Every Breath You Take (Official Music Video) di ThePoliceVEVO 9 anni fa,True,ThePoliceVEVO,660 Mln visualizzazioni,False,OMOGaugKpzs,3:56,3 minuti e 56 secondi,660.962.167 visualizzazioni,56 secondi,3 minuti e,3.897.953 Mi piace,168.724 Non mi piace,571.982.659 visualizzazioni,571982659
c4b2ab3336f8db6aa9134be3431033954791ef6d,Official Rick Astley,/channel/UCuAXFkgsw1L7xaCfnd5JJOw,Pubblicato il 25 ott 2009,19,2019-06-20T09:11:36.696Z,Rick Astley - Never Gonna Give You Up (Video),dQw4w9WgXcQ,milk-quince-alfalfa,14,Men At Work - Who Can It Be Now? (Video Version) di MenAtWorkVEVO 6 anni fa,True,MenAtWorkVEVO,72 Mln visualizzazioni,False,SECVGN4Bsgg,3:28,3 minuti e 28 secondi,72.477.998 visualizzazioni,28 secondi,3 minuti e,3.897.953 Mi piace,168.724 Non mi piace,571.982.659 visualizzazioni,571982659
c4b2ab3336f8db6aa9134be3431033954791ef6d,Official Rick Astley,/channel/UCuAXFkgsw1L7xaCfnd5JJOw,Pubblicato il 25 ott 2009,19,2019-06-20T09:11:36.696Z,Rick Astley - Never Gonna Give You Up (Video),dQw4w9WgXcQ,milk-quince-alfalfa,15,Londonbeat - I've Been Thinking About You (Video) di LONDONBEAT 6 anni fa,True,LONDONBEAT,26 Mln visualizzazioni,False,dGw3w_njQ4g,3:48,3 minuti e 48 secondi,26.812.929 visualizzazioni,48 secondi,3 minuti e,3.897.953 Mi piace,168.724 Non mi piace,571.982.659 visualizzazioni,571982659
c4b2ab3336f8db6aa9134be3431033954791ef6d,Official Rick Astley,/channel/UCuAXFkgsw1L7xaCfnd5JJOw,Pubblicato il 25 ott 2009,19,2019-06-20T09:11:36.696Z,Rick Astley - Never Gonna Give You Up (Video),dQw4w9WgXcQ,milk-quince-alfalfa,16,Toto - Rosanna (Official Music Video) di Toto Toto 6 anni fa,True,Toto Toto,44 Mln visualizzazioni,False,qmOLtTGvsbM,5:28,5 minuti e 28 secondi,44.423.143 visualizzazioni,28 secondi,5 minuti e,3.897.953 Mi piace,168.724 Non mi piace,571.982.659 visualizzazioni,571982659
c4b2ab3336f8db6aa9134be3431033954791ef6d,Official Rick Astley,/channel/UCuAXFkgsw1L7xaCfnd5JJOw,Pubblicato il 25 ott 2009,19,2019-06-20T09:11:36.696Z,Rick Astley - Never Gonna Give You Up (Video),dQw4w9WgXcQ,milk-quince-alfalfa,17,Guardians of the Galaxy Awesome Mix Vol 1  Vol 2 Full Soundtrack di Felipe Thiesen,False,Felipe Thiesen,"7,5 Mln visualizzazioni",False,Kt-tLuszKBA,53:38,53 minuti,7.510.629 visualizzazioni,53 minuti,1 anno fa,3.897.953 Mi piace,168.724 Non mi piace,571.982.659 visualizzazioni,571982659
c4b2ab3336f8db6aa9134be3431033954791ef6d,Official Rick Astley,/channel/UCuAXFkgsw1L7xaCfnd5JJOw,Pubblicato il 25 ott 2009,19,2019-06-20T09:11:36.696Z,Rick Astley - Never Gonna Give You Up (Video),dQw4w9WgXcQ,milk-quince-alfalfa,18,"Earth, Wind & Fire - September (Official Music Video) di Earth Wind & Fire 6 anni fa",True,Earth Wind & Fire,319 Mln visualizzazioni,False,Gs069dndIYk,3:36,3 minuti e 36 secondi,319.185.343 visualizzazioni,36 secondi,3 minuti e,3.897.953 Mi piace,168.724 Non mi piace,571.982.659 visualizzazioni,571982659
c4b2ab3336f8db6aa9134be3431033954791ef6d,Official Rick Astley,/channel/UCuAXFkgsw1L7xaCfnd5JJOw,Pubblicato il 25 ott 2009,19,2019-06-20T09:11:36.696Z,Rick Astley - Never Gonna Give You Up (Video),dQw4w9WgXcQ,milk-quince-alfalfa,19,Queen - Another One Bites the Dust (Official Video) di Queen Official 10 anni fa,True,Queen Official,334 Mln visualizzazioni,False,rY0WxgSXdEE,3:43,3 minuti e 43 secondi,334.549.932 visualizzazioni,43 secondi,3 minuti e,3.897.953 Mi piace,168.724 Non mi piace,571.982.659 visualizzazioni,571982659
74bdbcd2fae3f5a5785cbeea16ecac4337f6a77f,Official Rick Astley,/channel/UCuAXFkgsw1L7xaCfnd5JJOw,Pubblicato il 24 ott 2009,19,2019-06-19T16:57:46.171Z,Rick Astley - Never Gonna Give You Up (Video),dQw4w9WgXcQ,milk-quince-alfalfa,1,Bobby McFerrin - Don't Worry Be Happy di The Real Bobby McFerrin 10 anni fa,True,The Real Bobby McFerrin,141 Mln visualizzazioni,False,d-diB65scQU,4:04,4 minuti e 4 secondi,141.462.960 visualizzazioni,4 secondi,4 minuti e,3.896.090 Mi piace,168.658 Non mi piace,571.724.700 visualizzazioni,571724700
74bdbcd2fae3f5a5785cbeea16ecac4337f6a77f,Official Rick Astley,/channel/UCuAXFkgsw1L7xaCfnd5JJOw,Pubblicato il 24 ott 2009,19,2019-06-19T16:57:46.171Z,Rick Astley - Never Gonna Give You Up (Video),dQw4w9WgXcQ,milk-quince-alfalfa,2,El sol proyecta su misma imagen llamada luna.. di Dr Miguel Angel Avila,False,Dr Miguel Angel Avila,Consigliato per te,True,A9gM6ZdRwXk,12:07,12 minuti,136.897 visualizzazioni,12 minuti,11 mesi fa,3.896.090 Mi piace,168.658 Non mi piace,571.724.700 visualizzazioni,571724700
74bdbcd2fae3f5a5785cbeea16ecac4337f6a77f,Official Rick Astley,/channel/UCuAXFkgsw1L7xaCfnd5JJOw,Pubblicato il 24 ott 2009,19,2019-06-19T16:57:46.171Z,Rick Astley - Never Gonna Give You Up (Video),dQw4w9WgXcQ,milk-quince-alfalfa,3,Guardians of the Galaxy Awesome Mix Vol 1  Vol 2 Full Soundtrack di Felipe Thiesen,False,Felipe Thiesen,"7,4 Mln visualizzazioni",False,Kt-tLuszKBA,53:38,53 minuti,7.451.981 visualizzazioni,53 minuti,1 anno fa,3.896.090 Mi piace,168.658 Non mi piace,571.724.700 visualizzazioni,571724700
74bdbcd2fae3f5a5785cbeea16ecac4337f6a77f,Official Rick Astley,/channel/UCuAXFkgsw1L7xaCfnd5JJOw,Pubblicato il 24 ott 2009,19,2019-06-19T16:57:46.171Z,Rick Astley - Never Gonna Give You Up (Video),dQw4w9WgXcQ,milk-quince-alfalfa,4,Survivor - Eye Of The Tiger (Official Music Video) di Survivor Band 9 anni fa,True,Survivor Band,502 Mln visualizzazioni,False,btPJPFnesV4,4:11,4 minuti e 11 secondi,502.966.709 visualizzazioni,11 secondi,4 minuti e,3.896.090 Mi piace,168.658 Non mi piace,571.724.700 visualizzazioni,571724700
74bdbcd2fae3f5a5785cbeea16ecac4337f6a77f,Official Rick Astley,/channel/UCuAXFkgsw1L7xaCfnd5JJOw,Pubblicato il 24 ott 2009,19,2019-06-19T16:57:46.171Z,Rick Astley - Never Gonna Give You Up (Video),dQw4w9WgXcQ,milk-quince-alfalfa,5,Fat Freddy's Drop Boondigga (Official Video) di Fat Freddy's Drop 9 anni fa,True,Fat Freddy's Drop,"1,3 Mln visualizzazioni",False,LyShbSKAhr8,5:04,5 minuti e 4 secondi,1.390.440 visualizzazioni,4 secondi,5 minuti e,3.896.090 Mi piace,168.658 Non mi piace,571.724.700 visualizzazioni,571724700
74bdbcd2fae3f5a5785cbeea16ecac4337f6a77f,Official Rick Astley,/channel/UCuAXFkgsw1L7xaCfnd5JJOw,Pubblicato il 24 ott 2009,19,2019-06-19T16:57:46.171Z,Rick Astley - Never Gonna Give You Up (Video),dQw4w9WgXcQ,milk-quince-alfalfa,6,Toto - Africa (Official Music Video) di Toto Toto 6 anni fa,True,Toto Toto,503 Mln visualizzazioni,False,FTQbiNvZqaY,4:35,4 minuti e 35 secondi,503.561.707 visualizzazioni,35 secondi,4 minuti e,3.896.090 Mi piace,168.658 Non mi piace,571.724.700 visualizzazioni,571724700
74bdbcd2fae3f5a5785cbeea16ecac4337f6a77f,Official Rick Astley,/channel/UCuAXFkgsw1L7xaCfnd5JJOw,Pubblicato il 24 ott 2009,19,2019-06-19T16:57:46.171Z,Rick Astley - Never Gonna Give You Up (Video),dQw4w9WgXcQ,milk-quince-alfalfa,7,"Earth, Wind & Fire - September (Official Music Video) di Earth Wind & Fire 6 anni fa",True,Earth Wind & Fire,318 Mln visualizzazioni,False,Gs069dndIYk,3:36,3 minuti e 36 secondi,318.918.902 visualizzazioni,36 secondi,3 minuti e,3.896.090 Mi piace,168.658 Non mi piace,571.724.700 visualizzazioni,571724700
74bdbcd2fae3f5a5785cbeea16ecac4337f6a77f,Official Rick Astley,/channel/UCuAXFkgsw1L7xaCfnd5JJOw,Pubblicato il 24 ott 2009,19,2019-06-19T16:57:46.171Z,Rick Astley - Never Gonna Give You Up (Video),dQw4w9WgXcQ,milk-quince-alfalfa,8,Daryl Hall & John Oates - Maneater (Official Music Video) di Daryl Hall & John Oates 9 anni fa,True,Daryl Hall & John Oates,108 Mln visualizzazioni,False,yRYFKcMa_Ek,4:25,4 minuti e 25 secondi,108.073.539 visualizzazioni,25 secondi,4 minuti e,3.896.090 Mi piace,168.658 Non mi piace,571.724.700 visualizzazioni,571724700
74bdbcd2fae3f5a5785cbeea16ecac4337f6a77f,Official Rick Astley,/channel/UCuAXFkgsw1L7xaCfnd5JJOw,Pubblicato il 24 ott 2009,19,2019-06-19T16:57:46.171Z,Rick Astley - Never Gonna Give You Up (Video),dQw4w9WgXcQ,milk-quince-alfalfa,9,Buena Vista Social Club - Full album di World Circuit Records,False,World Circuit Records,63 Mln visualizzazioni,False,JNYOVEXJBBM,1:00:02,1 ora,63.065.640 visualizzazioni,1 ora,3 anni fa,3.896.090 Mi piace,168.658 Non mi piace,571.724.700 visualizzazioni,571724700
74bdbcd2fae3f5a5785cbeea16ecac4337f6a77f,Official Rick Astley,/channel/UCuAXFkgsw1L7xaCfnd5JJOw,Pubblicato il 24 ott 2009,19,2019-06-19T16:57:46.171Z,Rick Astley - Never Gonna Give You Up (Video),dQw4w9WgXcQ,milk-quince-alfalfa,10,fat freddy's drop - hope di Filipe Avó 8 anni fa,False,Filipe Avó,982.867 visualizzazioni,False,Htjwd68Ovas,9:46,9 minuti e 46 secondi,982.867 visualizzazioni,46 secondi,9 minuti e,3.896.090 Mi piace,168.658 Non mi piace,571.724.700 visualizzazioni,571724700
74bdbcd2fae3f5a5785cbeea16ecac4337f6a77f,Official Rick Astley,/channel/UCuAXFkgsw1L7xaCfnd5JJOw,Pubblicato il 24 ott 2009,19,2019-06-19T16:57:46.171Z,Rick Astley - Never Gonna Give You Up (Video),dQw4w9WgXcQ,milk-quince-alfalfa,11,Fat Freddy`s Drop - Midnight Marauders di EyeeShare 11 anni fa,False,EyeeShare,"3,6 Mln visualizzazioni",False,HGfsf-d1aDc,6:42,6 minuti e 42 secondi,3.650.999 visualizzazioni,42 secondi,6 minuti e,3.896.090 Mi piace,168.658 Non mi piace,571.724.700 visualizzazioni,571724700
74bdbcd2fae3f5a5785cbeea16ecac4337f6a77f,Official Rick Astley,/channel/UCuAXFkgsw1L7xaCfnd5JJOw,Pubblicato il 24 ott 2009,19,2019-06-19T16:57:46.171Z,Rick Astley - Never Gonna Give You Up (Video),dQw4w9WgXcQ,milk-quince-alfalfa,12,Gnarls Barkley - Crazy di Oral Fixations 10 anni fa,False,Oral Fixations,79 Mln visualizzazioni,False,Qe500eIK1oA,3:02,3 minuti e 2 secondi,79.787.857 visualizzazioni,2 secondi,3 minuti e,3.896.090 Mi piace,168.658 Non mi piace,571.724.700 visualizzazioni,571724700
74bdbcd2fae3f5a5785cbeea16ecac4337f6a77f,Official Rick Astley,/channel/UCuAXFkgsw1L7xaCfnd5JJOw,Pubblicato il 24 ott 2009,19,2019-06-19T16:57:46.171Z,Rick Astley - Never Gonna Give You Up (Video),dQw4w9WgXcQ,milk-quince-alfalfa,13,Dire Straits - Sultans Of Swing di Diablo4643 7 anni fa,False,Diablo4643,99 Mln visualizzazioni,False,0fAQhSRLQnM,5:47,5 minuti e 47 secondi,99.642.118 visualizzazioni,47 secondi,5 minuti e,3.896.090 Mi piace,168.658 Non mi piace,571.724.700 visualizzazioni,571724700
74bdbcd2fae3f5a5785cbeea16ecac4337f6a77f,Official Rick Astley,/channel/UCuAXFkgsw1L7xaCfnd5JJOw,Pubblicato il 24 ott 2009,19,2019-06-19T16:57:46.171Z,Rick Astley - Never Gonna Give You Up (Video),dQw4w9WgXcQ,milk-quince-alfalfa,14,"Oliver Cheatham, Get Down Saturday Night (Funk 1983) Full HD ! di Filippo Polito 6 anni fa",False,Filippo Polito,17 Mln visualizzazioni,False,uUqcBwQjj4k,6:26,6 minuti e 26 secondi,17.105.747 visualizzazioni,26 secondi,6 minuti e,3.896.090 Mi piace,168.658 Non mi piace,571.724.700 visualizzazioni,571724700
74bdbcd2fae3f5a5785cbeea16ecac4337f6a77f,Official Rick Astley,/channel/UCuAXFkgsw1L7xaCfnd5JJOw,Pubblicato il 24 ott 2009,19,2019-06-19T16:57:46.171Z,Rick Astley - Never Gonna Give You Up (Video),dQw4w9WgXcQ,milk-quince-alfalfa,15,Toto - Hold The Line (Official Music Video) di Toto Toto 6 anni fa,True,Toto Toto,68 Mln visualizzazioni,False,htgr3pvBr-I,3:59,3 minuti e 59 secondi,68.532.650 visualizzazioni,59 secondi,3 minuti e,3.896.090 Mi piace,168.658 Non mi piace,571.724.700 visualizzazioni,571724700
74bdbcd2fae3f5a5785cbeea16ecac4337f6a77f,Official Rick Astley,/channel/UCuAXFkgsw1L7xaCfnd5JJOw,Pubblicato il 24 ott 2009,19,2019-06-19T16:57:46.171Z,Rick Astley - Never Gonna Give You Up (Video),dQw4w9WgXcQ,milk-quince-alfalfa,16,Bob Marley - Could You Be Loved di V.i.p.s Channel** ** 6 anni fa,False,V.i.p.s Channel** **,10 Mln visualizzazioni,False,tr-yQaMbQ3o,3:55,3 minuti e 55 secondi,10.418.799 visualizzazioni,55 secondi,3 minuti e,3.896.090 Mi piace,168.658 Non mi piace,571.724.700 visualizzazioni,571724700
74bdbcd2fae3f5a5785cbeea16ecac4337f6a77f,Official Rick Astley,/channel/UCuAXFkgsw1L7xaCfnd5JJOw,Pubblicato il 24 ott 2009,19,2019-06-19T16:57:46.171Z,Rick Astley - Never Gonna Give You Up (Video),dQw4w9WgXcQ,milk-quince-alfalfa,17,a-ha - Take On Me (Legendado) di Fabricio Moreira 1 anno fa,True,Fabricio Moreira,"3,7 Mln visualizzazioni",False,YKQkTMGhxQo,3:47,3 minuti e 47 secondi,3.787.440 visualizzazioni,47 secondi,3 minuti e,3.896.090 Mi piace,168.658 Non mi piace,571.724.700 visualizzazioni,571724700
74bdbcd2fae3f5a5785cbeea16ecac4337f6a77f,Official Rick Astley,/channel/UCuAXFkgsw1L7xaCfnd5JJOw,Pubblicato il 24 ott 2009,19,2019-06-19T16:57:46.171Z,Rick Astley - Never Gonna Give You Up (Video),dQw4w9WgXcQ,milk-quince-alfalfa,18,Rick Astley - Together Forever (Official Music Video) di Official Rick Astley 9 anni fa,True,Official Rick Astley,76 Mln visualizzazioni,False,yPYZpwSpKmA,3:25,3 minuti e 25 secondi,76.120.274 visualizzazioni,25 secondi,3 minuti e,3.896.090 Mi piace,168.658 Non mi piace,571.724.700 visualizzazioni,571724700
74bdbcd2fae3f5a5785cbeea16ecac4337f6a77f,Official Rick Astley,/channel/UCuAXFkgsw1L7xaCfnd5JJOw,Pubblicato il 24 ott 2009,19,2019-06-19T16:57:46.171Z,Rick Astley - Never Gonna Give You Up (Video),dQw4w9WgXcQ,milk-quince-alfalfa,19,Eurythmics - Sweet Dreams (Are Made Of This) (Official Video) di Eurythmics 9 anni fa,True,Eurythmics,354 Mln visualizzazioni,False,qeMFqkcPYcg,3:35,3 minuti e 35 secondi,354.497.621 visualizzazioni,35 secondi,3 minuti e,3.896.090 Mi piace,168.658 Non mi piace,571.724.700 visualizzazioni,571724700
120bce0960e72e333ebc5f95e48611c6b8d64b20,Official Rick Astley,/channel/UCuAXFkgsw1L7xaCfnd5JJOw,Pubblicato il 24 ott 2009,19,2019-06-19T15:44:27.292Z,Rick Astley - Never Gonna Give You Up (Video),dQw4w9WgXcQ,milk-quince-alfalfa,1,Bobby McFerrin - Don't Worry Be Happy di The Real Bobby McFerrin 10 anni fa,True,The Real Bobby McFerrin,141 Mln visualizzazioni,False,d-diB65scQU,4:04,4 minuti e 4 secondi,141.462.960 visualizzazioni,4 secondi,4 minuti e,3.896.090 Mi piace,168.658 Non mi piace,571.724.700 visualizzazioni,571724700
120bce0960e72e333ebc5f95e48611c6b8d64b20,Official Rick Astley,/channel/UCuAXFkgsw1L7xaCfnd5JJOw,Pubblicato il 24 ott 2009,19,2019-06-19T15:44:27.292Z,Rick Astley - Never Gonna Give You Up (Video),dQw4w9WgXcQ,milk-quince-alfalfa,2,El sol proyecta su misma imagen llamada luna.. di Dr Miguel Angel Avila,False,Dr Miguel Angel Avila,Consigliato per te,True,A9gM6ZdRwXk,12:07,12 minuti,136.897 visualizzazioni,12 minuti,11 mesi fa,3.896.090 Mi piace,168.658 Non mi piace,571.724.700 visualizzazioni,571724700
120bce0960e72e333ebc5f95e48611c6b8d64b20,Official Rick Astley,/channel/UCuAXFkgsw1L7xaCfnd5JJOw,Pubblicato il 24 ott 2009,19,2019-06-19T15:44:27.292Z,Rick Astley - Never Gonna Give You Up (Video),dQw4w9WgXcQ,milk-quince-alfalfa,3,Guardians of the Galaxy Awesome Mix Vol 1  Vol 2 Full Soundtrack di Felipe Thiesen,False,Felipe Thiesen,"7,4 Mln visualizzazioni",False,Kt-tLuszKBA,53:38,53 minuti,7.451.981 visualizzazioni,53 minuti,1 anno fa,3.896.090 Mi piace,168.658 Non mi piace,571.724.700 visualizzazioni,571724700
120bce0960e72e333ebc5f95e48611c6b8d64b20,Official Rick Astley,/channel/UCuAXFkgsw1L7xaCfnd5JJOw,Pubblicato il 24 ott 2009,19,2019-06-19T15:44:27.292Z,Rick Astley - Never Gonna Give You Up (Video),dQw4w9WgXcQ,milk-quince-alfalfa,4,Survivor - Eye Of The Tiger (Official Music Video) di Survivor Band 9 anni fa,True,Survivor Band,502 Mln visualizzazioni,False,btPJPFnesV4,4:11,4 minuti e 11 secondi,502.966.709 visualizzazioni,11 secondi,4 minuti e,3.896.090 Mi piace,168.658 Non mi piace,571.724.700 visualizzazioni,571724700
120bce0960e72e333ebc5f95e48611c6b8d64b20,Official Rick Astley,/channel/UCuAXFkgsw1L7xaCfnd5JJOw,Pubblicato il 24 ott 2009,19,2019-06-19T15:44:27.292Z,Rick Astley - Never Gonna Give You Up (Video),dQw4w9WgXcQ,milk-quince-alfalfa,5,Fat Freddy's Drop Boondigga (Official Video) di Fat Freddy's Drop 9 anni fa,True,Fat Freddy's Drop,"1,3 Mln visualizzazioni",False,LyShbSKAhr8,5:04,5 minuti e 4 secondi,1.390.440 visualizzazioni,4 secondi,5 minuti e,3.896.090 Mi piace,168.658 Non mi piace,571.724.700 visualizzazioni,571724700
120bce0960e72e333ebc5f95e48611c6b8d64b20,Official Rick Astley,/channel/UCuAXFkgsw1L7xaCfnd5JJOw,Pubblicato il 24 ott 2009,19,2019-06-19T15:44:27.292Z,Rick Astley - Never Gonna Give You Up (Video),dQw4w9WgXcQ,milk-quince-alfalfa,6,Toto - Africa (Official Music Video) di Toto Toto 6 anni fa,True,Toto Toto,503 Mln visualizzazioni,False,FTQbiNvZqaY,4:35,4 minuti e 35 secondi,503.561.707 visualizzazioni,35 secondi,4 minuti e,3.896.090 Mi piace,168.658 Non mi piace,571.724.700 visualizzazioni,571724700
120bce0960e72e333ebc5f95e48611c6b8d64b20,Official Rick Astley,/channel/UCuAXFkgsw1L7xaCfnd5JJOw,Pubblicato il 24 ott 2009,19,2019-06-19T15:44:27.292Z,Rick Astley - Never Gonna Give You Up (Video),dQw4w9WgXcQ,milk-quince-alfalfa,7,"Earth, Wind & Fire - September (Official Music Video) di Earth Wind & Fire 6 anni fa",True,Earth Wind & Fire,318 Mln visualizzazioni,False,Gs069dndIYk,3:36,3 minuti e 36 secondi,318.918.902 visualizzazioni,36 secondi,3 minuti e,3.896.090 Mi piace,168.658 Non mi piace,571.724.700 visualizzazioni,571724700
120bce0960e72e333ebc5f95e48611c6b8d64b20,Official Rick Astley,/channel/UCuAXFkgsw1L7xaCfnd5JJOw,Pubblicato il 24 ott 2009,19,2019-06-19T15:44:27.292Z,Rick Astley - Never Gonna Give You Up (Video),dQw4w9WgXcQ,milk-quince-alfalfa,8,Daryl Hall & John Oates - Maneater (Official Music Video) di Daryl Hall & John Oates 9 anni fa,True,Daryl Hall & John Oates,108 Mln visualizzazioni,False,yRYFKcMa_Ek,4:25,4 minuti e 25 secondi,108.073.539 visualizzazioni,25 secondi,4 minuti e,3.896.090 Mi piace,168.658 Non mi piace,571.724.700 visualizzazioni,571724700
120bce0960e72e333ebc5f95e48611c6b8d64b20,Official Rick Astley,/channel/UCuAXFkgsw1L7xaCfnd5JJOw,Pubblicato il 24 ott 2009,19,2019-06-19T15:44:27.292Z,Rick Astley - Never Gonna Give You Up (Video),dQw4w9WgXcQ,milk-quince-alfalfa,9,Buena Vista Social Club - Full album di World Circuit Records,False,World Circuit Records,63 Mln visualizzazioni,False,JNYOVEXJBBM,1:00:02,1 ora,63.065.640 visualizzazioni,1 ora,3 anni fa,3.896.090 Mi piace,168.658 Non mi piace,571.724.700 visualizzazioni,571724700
120bce0960e72e333ebc5f95e48611c6b8d64b20,Official Rick Astley,/channel/UCuAXFkgsw1L7xaCfnd5JJOw,Pubblicato il 24 ott 2009,19,2019-06-19T15:44:27.292Z,Rick Astley - Never Gonna Give You Up (Video),dQw4w9WgXcQ,milk-quince-alfalfa,10,fat freddy's drop - hope di Filipe Avó 8 anni fa,False,Filipe Avó,982.867 visualizzazioni,False,Htjwd68Ovas,9:46,9 minuti e 46 secondi,982.867 visualizzazioni,46 secondi,9 minuti e,3.896.090 Mi piace,168.658 Non mi piace,571.724.700 visualizzazioni,571724700
120bce0960e72e333ebc5f95e48611c6b8d64b20,Official Rick Astley,/channel/UCuAXFkgsw1L7xaCfnd5JJOw,Pubblicato il 24 ott 2009,19,2019-06-19T15:44:27.292Z,Rick Astley - Never Gonna Give You Up (Video),dQw4w9WgXcQ,milk-quince-alfalfa,11,Fat Freddy`s Drop - Midnight Marauders di EyeeShare 11 anni fa,False,EyeeShare,"3,6 Mln visualizzazioni",False,HGfsf-d1aDc,6:42,6 minuti e 42 secondi,3.650.999 visualizzazioni,42 secondi,6 minuti e,3.896.090 Mi piace,168.658 Non mi piace,571.724.700 visualizzazioni,571724700
120bce0960e72e333ebc5f95e48611c6b8d64b20,Official Rick Astley,/channel/UCuAXFkgsw1L7xaCfnd5JJOw,Pubblicato il 24 ott 2009,19,2019-06-19T15:44:27.292Z,Rick Astley - Never Gonna Give You Up (Video),dQw4w9WgXcQ,milk-quince-alfalfa,12,Gnarls Barkley - Crazy di Oral Fixations 10 anni fa,False,Oral Fixations,79 Mln visualizzazioni,False,Qe500eIK1oA,3:02,3 minuti e 2 secondi,79.787.857 visualizzazioni,2 secondi,3 minuti e,3.896.090 Mi piace,168.658 Non mi piace,571.724.700 visualizzazioni,571724700
120bce0960e72e333ebc5f95e48611c6b8d64b20,Official Rick Astley,/channel/UCuAXFkgsw1L7xaCfnd5JJOw,Pubblicato il 24 ott 2009,19,2019-06-19T15:44:27.292Z,Rick Astley - Never Gonna Give You Up (Video),dQw4w9WgXcQ,milk-quince-alfalfa,13,Dire Straits - Sultans Of Swing di Diablo4643 7 anni fa,False,Diablo4643,99 Mln visualizzazioni,False,0fAQhSRLQnM,5:47,5 minuti e 47 secondi,99.642.118 visualizzazioni,47 secondi,5 minuti e,3.896.090 Mi piace,168.658 Non mi piace,571.724.700 visualizzazioni,571724700
120bce0960e72e333ebc5f95e48611c6b8d64b20,Official Rick Astley,/channel/UCuAXFkgsw1L7xaCfnd5JJOw,Pubblicato il 24 ott 2009,19,2019-06-19T15:44:27.292Z,Rick Astley - Never Gonna Give You Up (Video),dQw4w9WgXcQ,milk-quince-alfalfa,14,"Oliver Cheatham, Get Down Saturday Night (Funk 1983) Full HD ! di Filippo Polito 6 anni fa",False,Filippo Polito,17 Mln visualizzazioni,False,uUqcBwQjj4k,6:26,6 minuti e 26 secondi,17.105.747 visualizzazioni,26 secondi,6 minuti e,3.896.090 Mi piace,168.658 Non mi piace,571.724.700 visualizzazioni,571724700
120bce0960e72e333ebc5f95e48611c6b8d64b20,Official Rick Astley,/channel/UCuAXFkgsw1L7xaCfnd5JJOw,Pubblicato il 24 ott 2009,19,2019-06-19T15:44:27.292Z,Rick Astley - Never Gonna Give You Up (Video),dQw4w9WgXcQ,milk-quince-alfalfa,15,Toto - Hold The Line (Official Music Video) di Toto Toto 6 anni fa,True,Toto Toto,68 Mln visualizzazioni,False,htgr3pvBr-I,3:59,3 minuti e 59 secondi,68.532.650 visualizzazioni,59 secondi,3 minuti e,3.896.090 Mi piace,168.658 Non mi piace,571.724.700 visualizzazioni,571724700
120bce0960e72e333ebc5f95e48611c6b8d64b20,Official Rick Astley,/channel/UCuAXFkgsw1L7xaCfnd5JJOw,Pubblicato il 24 ott 2009,19,2019-06-19T15:44:27.292Z,Rick Astley - Never Gonna Give You Up (Video),dQw4w9WgXcQ,milk-quince-alfalfa,16,Bob Marley - Could You Be Loved di V.i.p.s Channel** ** 6 anni fa,False,V.i.p.s Channel** **,10 Mln visualizzazioni,False,tr-yQaMbQ3o,3:55,3 minuti e 55 secondi,10.418.799 visualizzazioni,55 secondi,3 minuti e,3.896.090 Mi piace,168.658 Non mi piace,571.724.700 visualizzazioni,571724700
120bce0960e72e333ebc5f95e48611c6b8d64b20,Official Rick Astley,/channel/UCuAXFkgsw1L7xaCfnd5JJOw,Pubblicato il 24 ott 2009,19,2019-06-19T15:44:27.292Z,Rick Astley - Never Gonna Give You Up (Video),dQw4w9WgXcQ,milk-quince-alfalfa,17,a-ha - Take On Me (Legendado) di Fabricio Moreira 1 anno fa,True,Fabricio Moreira,"3,7 Mln visualizzazioni",False,YKQkTMGhxQo,3:47,3 minuti e 47 secondi,3.787.440 visualizzazioni,47 secondi,3 minuti e,3.896.090 Mi piace,168.658 Non mi piace,571.724.700 visualizzazioni,571724700
120bce0960e72e333ebc5f95e48611c6b8d64b20,Official Rick Astley,/channel/UCuAXFkgsw1L7xaCfnd5JJOw,Pubblicato il 24 ott 2009,19,2019-06-19T15:44:27.292Z,Rick Astley - Never Gonna Give You Up (Video),dQw4w9WgXcQ,milk-quince-alfalfa,18,Rick Astley - Together Forever (Official Music Video) di Official Rick Astley 9 anni fa,True,Official Rick Astley,76 Mln visualizzazioni,False,yPYZpwSpKmA,3:25,3 minuti e 25 secondi,76.120.274 visualizzazioni,25 secondi,3 minuti e,3.896.090 Mi piace,168.658 Non mi piace,571.724.700 visualizzazioni,571724700
120bce0960e72e333ebc5f95e48611c6b8d64b20,Official Rick Astley,/channel/UCuAXFkgsw1L7xaCfnd5JJOw,Pubblicato il 24 ott 2009,19,2019-06-19T15:44:27.292Z,Rick Astley - Never Gonna Give You Up (Video),dQw4w9WgXcQ,milk-quince-alfalfa,19,Eurythmics - Sweet Dreams (Are Made Of This) (Official Video) di Eurythmics 9 anni fa,True,Eurythmics,354 Mln visualizzazioni,False,qeMFqkcPYcg,3:35,3 minuti e 35 secondi,354.497.621 visualizzazioni,35 secondi,3 minuti e,3.896.090 Mi piace,168.658 Non mi piace,571.724.700 visualizzazioni,571724700
73a4701bf57827fe6a73225bfbd3a21dc3d745e8,Official Rick Astley,/channel/UCuAXFkgsw1L7xaCfnd5JJOw,Pubblicato il 24 ott 2009,19,2019-05-27T16:44:19.438Z,Rick Astley - Never Gonna Give You Up (Video),dQw4w9WgXcQ,icecream-pie-tea,1,Eurythmics - Sweet Dreams (Are Made Of This) (Official Video) di Eurythmics 9 anni fa,"Eurythmics
Canale ufficiale dell'artista
•",345 Mln visualizzazioni,qeMFqkcPYcg,3:35,3 minuti e 35 secondi,345.613.203 visualizzazioni,35 secondi,3 minuti e,,,3.831.176 Mi piace,166.512 Non mi piace,564.062.137 visualizzazioni,564062137
73a4701bf57827fe6a73225bfbd3a21dc3d745e8,Official Rick Astley,/channel/UCuAXFkgsw1L7xaCfnd5JJOw,Pubblicato il 24 ott 2009,19,2019-05-27T16:44:19.438Z,Rick Astley - Never Gonna Give You Up (Video),dQw4w9WgXcQ,icecream-pie-tea,2,RIESCI A SCAPPARE DAL TEATRO ABBANDONATO? - Minecraft ITA di ErenBlaze,"ErenBlaze
Verificato
•",Consigliato per te,MW_WQENS98Y,17:28,17 minuti,7.308 visualizzazioni,17 minuti,40 minuti fa,,,3.831.176 Mi piace,166.512 Non mi piace,564.062.137 visualizzazioni,564062137
73a4701bf57827fe6a73225bfbd3a21dc3d745e8,Official Rick Astley,/channel/UCuAXFkgsw1L7xaCfnd5JJOw,Pubblicato il 24 ott 2009,19,2019-05-27T16:44:19.438Z,Rick Astley - Never Gonna Give You Up (Video),dQw4w9WgXcQ,icecream-pie-tea,3,LEZIONI DI CHITARRA IRRITANTI di Mark The Hammer / Marco Arata 2 mesi fa,Mark The Hammer / Marco Arata•,Consigliato per te,chq0kA6kJzs,4:54,4 minuti e 54 secondi,391.075 visualizzazioni,54 secondi,4 minuti e,,,3.831.176 Mi piace,166.512 Non mi piace,564.062.137 visualizzazioni,564062137
73a4701bf57827fe6a73225bfbd3a21dc3d745e8,Official Rick Astley,/channel/UCuAXFkgsw1L7xaCfnd5JJOw,Pubblicato il 24 ott 2009,19,2019-05-27T16:44:19.438Z,Rick Astley - Never Gonna Give You Up (Video),dQw4w9WgXcQ,icecream-pie-tea,4,Top 100 Best Songs Of All Time di Top Music Channel,Top Music Channel•,15 Mln visualizzazioni,zSmjW5fNUZA,17:53,17 minuti,15.006.649 visualizzazioni,17 minuti,2 anni fa,,,3.831.176 Mi piace,166.512 Non mi piace,564.062.137 visualizzazioni,564062137
73a4701bf57827fe6a73225bfbd3a21dc3d745e8,Official Rick Astley,/channel/UCuAXFkgsw1L7xaCfnd5JJOw,Pubblicato il 24 ott 2009,19,2019-05-27T16:44:19.438Z,Rick Astley - Never Gonna Give You Up (Video),dQw4w9WgXcQ,icecream-pie-tea,5,"""Rick Astley"" Singing Never Gonna Give You Up With The Audience Saturday Night Takeaway 2014 di RandomLikeChannel 5 anni fa",RandomLikeChannel•,"1,6 Mln visualizzazioni",YwlVgpXXJS0,4:01,4 minuti e 1 secondo,1.600.894 visualizzazioni,1 secondo,4 minuti e,,,3.831.176 Mi piace,166.512 Non mi piace,564.062.137 visualizzazioni,564062137
73a4701bf57827fe6a73225bfbd3a21dc3d745e8,Official Rick Astley,/channel/UCuAXFkgsw1L7xaCfnd5JJOw,Pubblicato il 24 ott 2009,19,2019-05-27T16:44:19.438Z,Rick Astley - Never Gonna Give You Up (Video),dQw4w9WgXcQ,icecream-pie-tea,6,Haddaway - What is Love *with lyrics* di KnoxNick 10 anni fa,KnoxNick•,"8,5 Mln visualizzazioni",CuDEP6eFkeA,4:36,4 minuti e 36 secondi,8.574.759 visualizzazioni,36 secondi,4 minuti e,,,3.831.176 Mi piace,166.512 Non mi piace,564.062.137 visualizzazioni,564062137
73a4701bf57827fe6a73225bfbd3a21dc3d745e8,Official Rick Astley,/channel/UCuAXFkgsw1L7xaCfnd5JJOw,Pubblicato il 24 ott 2009,19,2019-05-27T16:44:19.438Z,Rick Astley - Never Gonna Give You Up (Video),dQw4w9WgXcQ,icecream-pie-tea,7,Top 10 Best Auditions The Voice In The World di mike max,mike max•,37 Mln visualizzazioni,qi8O1-SErr8,17:12,17 minuti,37.585.459 visualizzazioni,17 minuti,2 anni fa,,,3.831.176 Mi piace,166.512 Non mi piace,564.062.137 visualizzazioni,564062137
73a4701bf57827fe6a73225bfbd3a21dc3d745e8,Official Rick Astley,/channel/UCuAXFkgsw1L7xaCfnd5JJOw,Pubblicato il 24 ott 2009,19,2019-05-27T16:44:19.438Z,Rick Astley - Never Gonna Give You Up (Video),dQw4w9WgXcQ,icecream-pie-tea,8,a-ha - Take On Me (Legendado) di Fabricio Moreira 11 mesi fa,"Fabricio Moreira
Verificato
•","2,4 Mln visualizzazioni",YKQkTMGhxQo,3:47,3 minuti e 47 secondi,2.481.350 visualizzazioni,47 secondi,3 minuti e,,,3.831.176 Mi piace,166.512 Non mi piace,564.062.137 visualizzazioni,564062137
73a4701bf57827fe6a73225bfbd3a21dc3d745e8,Official Rick Astley,/channel/UCuAXFkgsw1L7xaCfnd5JJOw,Pubblicato il 24 ott 2009,19,2019-05-27T16:44:19.438Z,Rick Astley - Never Gonna Give You Up (Video),dQw4w9WgXcQ,icecream-pie-tea,9,Billie Jean di Michael Jackson 2 anni fa,"Michael Jackson
Canale ufficiale dell'artista
•",18 Mln visualizzazioni,Kr4EQDVETuA,4:55,4 minuti e 55 secondi,18.634.821 visualizzazioni,55 secondi,4 minuti e,,,3.831.176 Mi piace,166.512 Non mi piace,564.062.137 visualizzazioni,564062137
73a4701bf57827fe6a73225bfbd3a21dc3d745e8,Official Rick Astley,/channel/UCuAXFkgsw1L7xaCfnd5JJOw,Pubblicato il 24 ott 2009,19,2019-05-27T16:44:19.438Z,Rick Astley - Never Gonna Give You Up (Video),dQw4w9WgXcQ,icecream-pie-tea,10,Eye of the Tiger di Survivor Band 2 anni fa,"Survivor Band
Canale ufficiale dell'artista
•","9,4 Mln visualizzazioni",i3UVZaIcL6k,4:06,4 minuti e 6 secondi,9.484.925 visualizzazioni,6 secondi,4 minuti e,,,3.831.176 Mi piace,166.512 Non mi piace,564.062.137 visualizzazioni,564062137
73a4701bf57827fe6a73225bfbd3a21dc3d745e8,Official Rick Astley,/channel/UCuAXFkgsw1L7xaCfnd5JJOw,Pubblicato il 24 ott 2009,19,2019-05-27T16:44:19.438Z,Rick Astley - Never Gonna Give You Up (Video),dQw4w9WgXcQ,icecream-pie-tea,11,COME CONQUISTARE UNA RAGAZZA CON LE CANZONI DI ULTIMO.. SENZA TALENTO di Mark The Hammer / Marco Arata 4 settimane fa,Mark The Hammer / Marco Arata•,Consigliato per te,UFb_RIMlcBs,3:59,3 minuti e 59 secondi,303.177 visualizzazioni,59 secondi,3 minuti e,,,3.831.176 Mi piace,166.512 Non mi piace,564.062.137 visualizzazioni,564062137
73a4701bf57827fe6a73225bfbd3a21dc3d745e8,Official Rick Astley,/channel/UCuAXFkgsw1L7xaCfnd5JJOw,Pubblicato il 24 ott 2009,19,2019-05-27T16:44:19.438Z,Rick Astley - Never Gonna Give You Up (Video),dQw4w9WgXcQ,icecream-pie-tea,12,Bobby McFerrin - Don't Worry Be Happy di The Real Bobby McFerrin 10 anni fa,"The Real Bobby McFerrin
Canale ufficiale dell'artista
•",137 Mln visualizzazioni,d-diB65scQU,4:04,4 minuti e 4 secondi,137.807.826 visualizzazioni,4 secondi,4 minuti e,,,3.831.176 Mi piace,166.512 Non mi piace,564.062.137 visualizzazioni,564062137
73a4701bf57827fe6a73225bfbd3a21dc3d745e8,Official Rick Astley,/channel/UCuAXFkgsw1L7xaCfnd5JJOw,Pubblicato il 24 ott 2009,19,2019-05-27T16:44:19.438Z,Rick Astley - Never Gonna Give You Up (Video),dQw4w9WgXcQ,icecream-pie-tea,13,COME CREARE UNA CANZONE DI BILLIE EILISH.. SENZA ALCUN TALENTO -- Tutorial di Mark The Hammer / Marco Arata,Mark The Hammer / Marco Arata•,Consigliato per te,Tj_3K2PlHaU,1:35,95 secondi,89.607 visualizzazioni,95 secondi,5 ore fa,,,3.831.176 Mi piace,166.512 Non mi piace,564.062.137 visualizzazioni,564062137
73a4701bf57827fe6a73225bfbd3a21dc3d745e8,Official Rick Astley,/channel/UCuAXFkgsw1L7xaCfnd5JJOw,Pubblicato il 24 ott 2009,19,2019-05-27T16:44:19.438Z,Rick Astley - Never Gonna Give You Up (Video),dQw4w9WgXcQ,icecream-pie-tea,14,Abba - Gimme! Gimme! Gimme! (A Man After Midnight) di ABBA 9 anni fa,"ABBA
Canale ufficiale dell'artista
•",130 Mln visualizzazioni,XEjLoHdbVeE,3:30,3 minuti e 30 secondi,130.600.243 visualizzazioni,30 secondi,3 minuti e,,,3.831.176 Mi piace,166.512 Non mi piace,564.062.137 visualizzazioni,564062137
73a4701bf57827fe6a73225bfbd3a21dc3d745e8,Official Rick Astley,/channel/UCuAXFkgsw1L7xaCfnd5JJOw,Pubblicato il 24 ott 2009,19,2019-05-27T16:44:19.438Z,Rick Astley - Never Gonna Give You Up (Video),dQw4w9WgXcQ,icecream-pie-tea,15,PEGGIORE FIGURACCIA FATTA SUL PALCO? #AskTheHammer2 di Mark The Hammer / Marco Arata,Mark The Hammer / Marco Arata•,Consigliato per te,YzdHuz6T_6M,10:13,10 minuti,224.644 visualizzazioni,10 minuti,2 mesi fa,,,3.831.176 Mi piace,166.512 Non mi piace,564.062.137 visualizzazioni,564062137
73a4701bf57827fe6a73225bfbd3a21dc3d745e8,Official Rick Astley,/channel/UCuAXFkgsw1L7xaCfnd5JJOw,Pubblicato il 24 ott 2009,19,2019-05-27T16:44:19.438Z,Rick Astley - Never Gonna Give You Up (Video),dQw4w9WgXcQ,icecream-pie-tea,16,5 TRUCCHI PER LA 1.14 - Minecraft ITA - Survival 1.14 #576 di ErenBlaze,"ErenBlaze
Verificato
•",Consigliato per te,MBgMdP_2tYs,20:12,20 minuti,33.688 visualizzazioni,20 minuti,4 ore fa,,,3.831.176 Mi piace,166.512 Non mi piace,564.062.137 visualizzazioni,564062137
73a4701bf57827fe6a73225bfbd3a21dc3d745e8,Official Rick Astley,/channel/UCuAXFkgsw1L7xaCfnd5JJOw,Pubblicato il 24 ott 2009,19,2019-05-27T16:44:19.438Z,Rick Astley - Never Gonna Give You Up (Video),dQw4w9WgXcQ,icecream-pie-tea,17,Michael Jackson - Beat It (Official Video) di Michael Jackson 8 anni fa,"Michael Jackson
Canale ufficiale dell'artista
•",503 Mln visualizzazioni,oRdxUFDoQe0,4:59,4 minuti e 59 secondi,503.732.224 visualizzazioni,59 secondi,4 minuti e,,,3.831.176 Mi piace,166.512 Non mi piace,564.062.137 visualizzazioni,564062137
73a4701bf57827fe6a73225bfbd3a21dc3d745e8,Official Rick Astley,/channel/UCuAXFkgsw1L7xaCfnd5JJOw,Pubblicato il 24 ott 2009,19,2019-05-27T16:44:19.438Z,Rick Astley - Never Gonna Give You Up (Video),dQw4w9WgXcQ,icecream-pie-tea,18,top 100 songs of the 1990s di younger days,younger days•,"6,3 Mln visualizzazioni",EtunN6ZdcfU,14:50,14 minuti,6.307.431 visualizzazioni,14 minuti,6 mesi fa,,,3.831.176 Mi piace,166.512 Non mi piace,564.062.137 visualizzazioni,564062137
73a4701bf57827fe6a73225bfbd3a21dc3d745e8,Official Rick Astley,/channel/UCuAXFkgsw1L7xaCfnd5JJOw,Pubblicato il 24 ott 2009,19,2019-05-27T16:44:19.438Z,Rick Astley - Never Gonna Give You Up (Video),dQw4w9WgXcQ,icecream-pie-tea,19,Rick Astley Never gonna give you up lyrics!!! di Jaysean 10 anni fa,Jaysean•,18 Mln visualizzazioni,6_b7RDuLwcI,3:46,3 minuti e 46 secondi,18.761.626 visualizzazioni,46 secondi,3 minuti e,,,3.831.176 Mi piace,166.512 Non mi piace,564.062.137 visualizzazioni,564062137
47c16bdc2358e51110003a626d822a61e6bc908f,Official Rick Astley,/channel/UCuAXFkgsw1L7xaCfnd5JJOw,Pubblicato il 24 ott 2009,19,2019-05-27T16:32:28.196Z,Rick Astley - Never Gonna Give You Up (Video),dQw4w9WgXcQ,icecream-pie-tea,1,Eurythmics - Sweet Dreams (Are Made Of This) (Official Video) di Eurythmics 9 anni fa,"Eurythmics
Canale ufficiale dell'artista
•",345 Mln visualizzazioni,qeMFqkcPYcg,3:35,3 minuti e 35 secondi,345.611.986 visualizzazioni,35 secondi,3 minuti e,,,3.831.159 Mi piace,166.512 Non mi piace,564.061.689 visualizzazioni,564061689
47c16bdc2358e51110003a626d822a61e6bc908f,Official Rick Astley,/channel/UCuAXFkgsw1L7xaCfnd5JJOw,Pubblicato il 24 ott 2009,19,2019-05-27T16:32:28.196Z,Rick Astley - Never Gonna Give You Up (Video),dQw4w9WgXcQ,icecream-pie-tea,2,LEZIONI DI CHITARRA IRRITANTI di Mark The Hammer / Marco Arata 2 mesi fa,Mark The Hammer / Marco Arata•,Consigliato per te,chq0kA6kJzs,4:54,4 minuti e 54 secondi,391.075 visualizzazioni,54 secondi,4 minuti e,,,3.831.159 Mi piace,166.512 Non mi piace,564.061.689 visualizzazioni,564061689
47c16bdc2358e51110003a626d822a61e6bc908f,Official Rick Astley,/channel/UCuAXFkgsw1L7xaCfnd5JJOw,Pubblicato il 24 ott 2009,19,2019-05-27T16:32:28.196Z,Rick Astley - Never Gonna Give You Up (Video),dQw4w9WgXcQ,icecream-pie-tea,3,RIESCI A SCAPPARE DAL TEATRO ABBANDONATO? - Minecraft ITA di ErenBlaze,"ErenBlaze
Verificato
•",Consigliato per te,MW_WQENS98Y,17:28,17 minuti,5.593 visualizzazioni,17 minuti,28 minuti fa,,,3.831.159 Mi piace,166.512 Non mi piace,564.061.689 visualizzazioni,564061689
47c16bdc2358e51110003a626d822a61e6bc908f,Official Rick Astley,/channel/UCuAXFkgsw1L7xaCfnd5JJOw,Pubblicato il 24 ott 2009,19,2019-05-27T16:32:28.196Z,Rick Astley - Never Gonna Give You Up (Video),dQw4w9WgXcQ,icecream-pie-tea,4,Top 10 Best Auditions The Voice In The World di mike max,mike max•,37 Mln visualizzazioni,qi8O1-SErr8,17:12,17 minuti,37.585.261 visualizzazioni,17 minuti,2 anni fa,,,3.831.159 Mi piace,166.512 Non mi piace,564.061.689 visualizzazioni,564061689
47c16bdc2358e51110003a626d822a61e6bc908f,Official Rick Astley,/channel/UCuAXFkgsw1L7xaCfnd5JJOw,Pubblicato il 24 ott 2009,19,2019-05-27T16:32:28.196Z,Rick Astley - Never Gonna Give You Up (Video),dQw4w9WgXcQ,icecream-pie-tea,5,a-ha - Take On Me (Legendado) di Fabricio Moreira 11 mesi fa,"Fabricio Moreira
Verificato
•","2,4 Mln visualizzazioni",YKQkTMGhxQo,3:47,3 minuti e 47 secondi,2.481.211 visualizzazioni,47 secondi,3 minuti e,,,3.831.159 Mi piace,166.512 Non mi piace,564.061.689 visualizzazioni,564061689
47c16bdc2358e51110003a626d822a61e6bc908f,Official Rick Astley,/channel/UCuAXFkgsw1L7xaCfnd5JJOw,Pubblicato il 24 ott 2009,19,2019-05-27T16:32:28.196Z,Rick Astley - Never Gonna Give You Up (Video),dQw4w9WgXcQ,icecream-pie-tea,6,Billie Jean di Michael Jackson 2 anni fa,"Michael Jackson
Canale ufficiale dell'artista
•",18 Mln visualizzazioni,Kr4EQDVETuA,4:55,4 minuti e 55 secondi,18.634.760 visualizzazioni,55 secondi,4 minuti e,,,3.831.159 Mi piace,166.512 Non mi piace,564.061.689 visualizzazioni,564061689
47c16bdc2358e51110003a626d822a61e6bc908f,Official Rick Astley,/channel/UCuAXFkgsw1L7xaCfnd5JJOw,Pubblicato il 24 ott 2009,19,2019-05-27T16:32:28.196Z,Rick Astley - Never Gonna Give You Up (Video),dQw4w9WgXcQ,icecream-pie-tea,7,"Earth, Wind & Fire - September (Official Music Video) di Earth Wind & Fire 6 anni fa","Earth Wind & Fire
Canale ufficiale dell'artista
•",310 Mln visualizzazioni,Gs069dndIYk,3:36,3 minuti e 36 secondi,310.894.649 visualizzazioni,36 secondi,3 minuti e,,,3.831.159 Mi piace,166.512 Non mi piace,564.061.689 visualizzazioni,564061689
47c16bdc2358e51110003a626d822a61e6bc908f,Official Rick Astley,/channel/UCuAXFkgsw1L7xaCfnd5JJOw,Pubblicato il 24 ott 2009,19,2019-05-27T16:32:28.196Z,Rick Astley - Never Gonna Give You Up (Video),dQw4w9WgXcQ,icecream-pie-tea,8,Bobby McFerrin - Don't Worry Be Happy di The Real Bobby McFerrin 10 anni fa,"The Real Bobby McFerrin
Canale ufficiale dell'artista
•",137 Mln visualizzazioni,d-diB65scQU,4:04,4 minuti e 4 secondi,137.807.542 visualizzazioni,4 secondi,4 minuti e,,,3.831.159 Mi piace,166.512 Non mi piace,564.061.689 visualizzazioni,564061689
47c16bdc2358e51110003a626d822a61e6bc908f,Official Rick Astley,/channel/UCuAXFkgsw1L7xaCfnd5JJOw,Pubblicato il 24 ott 2009,19,2019-05-27T16:32:28.196Z,Rick Astley - Never Gonna Give You Up (Video),dQw4w9WgXcQ,icecream-pie-tea,9,Top 100 Best Songs Of All Time di Top Music Channel,Top Music Channel•,15 Mln visualizzazioni,zSmjW5fNUZA,17:53,17 minuti,15.006.627 visualizzazioni,17 minuti,2 anni fa,,,3.831.159 Mi piace,166.512 Non mi piace,564.061.689 visualizzazioni,564061689
47c16bdc2358e51110003a626d822a61e6bc908f,Official Rick Astley,/channel/UCuAXFkgsw1L7xaCfnd5JJOw,Pubblicato il 24 ott 2009,19,2019-05-27T16:32:28.196Z,Rick Astley - Never Gonna Give You Up (Video),dQw4w9WgXcQ,icecream-pie-tea,10,"""Rick Astley"" Singing Never Gonna Give You Up With The Audience Saturday Night Takeaway 2014 di RandomLikeChannel 5 anni fa",RandomLikeChannel•,"1,6 Mln visualizzazioni",YwlVgpXXJS0,4:01,4 minuti e 1 secondo,1.600.894 visualizzazioni,1 secondo,4 minuti e,,,3.831.159 Mi piace,166.512 Non mi piace,564.061.689 visualizzazioni,564061689
47c16bdc2358e51110003a626d822a61e6bc908f,Official Rick Astley,/channel/UCuAXFkgsw1L7xaCfnd5JJOw,Pubblicato il 24 ott 2009,19,2019-05-27T16:32:28.196Z,Rick Astley - Never Gonna Give You Up (Video),dQw4w9WgXcQ,icecream-pie-tea,11,Haddaway - What is Love *with lyrics* di KnoxNick 10 anni fa,KnoxNick•,"8,5 Mln visualizzazioni",CuDEP6eFkeA,4:36,4 minuti e 36 secondi,8.574.759 visualizzazioni,36 secondi,4 minuti e,,,3.831.159 Mi piace,166.512 Non mi piace,564.061.689 visualizzazioni,564061689
47c16bdc2358e51110003a626d822a61e6bc908f,Official Rick Astley,/channel/UCuAXFkgsw1L7xaCfnd5JJOw,Pubblicato il 24 ott 2009,19,2019-05-27T16:32:28.196Z,Rick Astley - Never Gonna Give You Up (Video),dQw4w9WgXcQ,icecream-pie-tea,12,Guardians of the Galaxy Awesome Mix Vol 1  Vol 2 Full Soundtrack di Felipe Thiesen,Felipe Thiesen•,"5,4 Mln visualizzazioni",Kt-tLuszKBA,53:38,53 minuti,5.484.421 visualizzazioni,53 minuti,1 anno fa,,,3.831.159 Mi piace,166.512 Non mi piace,564.061.689 visualizzazioni,564061689
47c16bdc2358e51110003a626d822a61e6bc908f,Official Rick Astley,/channel/UCuAXFkgsw1L7xaCfnd5JJOw,Pubblicato il 24 ott 2009,19,2019-05-27T16:32:28.196Z,Rick Astley - Never Gonna Give You Up (Video),dQw4w9WgXcQ,icecream-pie-tea,13,Bee Gees - Stayin' Alive (1977) di beegees 9 anni fa,"beegees
Canale ufficiale dell'artista
•",427 Mln visualizzazioni,I_izvAbhExY,4:03,4 minuti e 3 secondi,427.934.904 visualizzazioni,3 secondi,4 minuti e,,,3.831.159 Mi piace,166.512 Non mi piace,564.061.689 visualizzazioni,564061689
47c16bdc2358e51110003a626d822a61e6bc908f,Official Rick Astley,/channel/UCuAXFkgsw1L7xaCfnd5JJOw,Pubblicato il 24 ott 2009,19,2019-05-27T16:32:28.196Z,Rick Astley - Never Gonna Give You Up (Video),dQw4w9WgXcQ,icecream-pie-tea,14,COME CONQUISTARE UNA RAGAZZA CON LE CANZONI DI ULTIMO.. SENZA TALENTO di Mark The Hammer / Marco Arata 4 settimane fa,Mark The Hammer / Marco Arata•,Consigliato per te,UFb_RIMlcBs,3:59,3 minuti e 59 secondi,303.172 visualizzazioni,59 secondi,3 minuti e,,,3.831.159 Mi piace,166.512 Non mi piace,564.061.689 visualizzazioni,564061689
47c16bdc2358e51110003a626d822a61e6bc908f,Official Rick Astley,/channel/UCuAXFkgsw1L7xaCfnd5JJOw,Pubblicato il 24 ott 2009,19,2019-05-27T16:32:28.196Z,Rick Astley - Never Gonna Give You Up (Video),dQw4w9WgXcQ,icecream-pie-tea,15,Eye of the Tiger di Survivor Band 2 anni fa,"Survivor Band
Canale ufficiale dell'artista
•","9,4 Mln visualizzazioni",i3UVZaIcL6k,4:06,4 minuti e 6 secondi,9.484.894 visualizzazioni,6 secondi,4 minuti e,,,3.831.159 Mi piace,166.512 Non mi piace,564.061.689 visualizzazioni,564061689
47c16bdc2358e51110003a626d822a61e6bc908f,Official Rick Astley,/channel/UCuAXFkgsw1L7xaCfnd5JJOw,Pubblicato il 24 ott 2009,19,2019-05-27T16:32:28.196Z,Rick Astley - Never Gonna Give You Up (Video),dQw4w9WgXcQ,icecream-pie-tea,16,Survivor - Eye Of The Tiger (Official Music Video) di Survivor Band 9 anni fa,"Survivor Band
Canale ufficiale dell'artista
•",495 Mln visualizzazioni,btPJPFnesV4,4:11,4 minuti e 11 secondi,495.551.527 visualizzazioni,11 secondi,4 minuti e,,,3.831.159 Mi piace,166.512 Non mi piace,564.061.689 visualizzazioni,564061689
47c16bdc2358e51110003a626d822a61e6bc908f,Official Rick Astley,/channel/UCuAXFkgsw1L7xaCfnd5JJOw,Pubblicato il 24 ott 2009,19,2019-05-27T16:32:28.196Z,Rick Astley - Never Gonna Give You Up (Video),dQw4w9WgXcQ,icecream-pie-tea,17,PEGGIORE FIGURACCIA FATTA SUL PALCO? #AskTheHammer2 di Mark The Hammer / Marco Arata,Mark The Hammer / Marco Arata•,Consigliato per te,YzdHuz6T_6M,10:13,10 minuti,224.621 visualizzazioni,10 minuti,2 mesi fa,,,3.831.159 Mi piace,166.512 Non mi piace,564.061.689 visualizzazioni,564061689
47c16bdc2358e51110003a626d822a61e6bc908f,Official Rick Astley,/channel/UCuAXFkgsw1L7xaCfnd5JJOw,Pubblicato il 24 ott 2009,19,2019-05-27T16:32:28.196Z,Rick Astley - Never Gonna Give You Up (Video),dQw4w9WgXcQ,icecream-pie-tea,18,Toto - Africa (Official Music Video) di Toto Toto 6 anni fa,"Toto Toto
Canale ufficiale dell'artista
•",496 Mln visualizzazioni,FTQbiNvZqaY,4:35,4 minuti e 35 secondi,496.597.545 visualizzazioni,35 secondi,4 minuti e,,,3.831.159 Mi piace,166.512 Non mi piace,564.061.689 visualizzazioni,564061689
47c16bdc2358e51110003a626d822a61e6bc908f,Official Rick Astley,/channel/UCuAXFkgsw1L7xaCfnd5JJOw,Pubblicato il 24 ott 2009,19,2019-05-27T16:32:28.196Z,Rick Astley - Never Gonna Give You Up (Video),dQw4w9WgXcQ,icecream-pie-tea,19,Abba - Gimme! Gimme! Gimme! (A Man After Midnight) di ABBA 9 anni fa,"ABBA
Canale ufficiale dell'artista
•",130 Mln visualizzazioni,XEjLoHdbVeE,3:30,3 minuti e 30 secondi,130.599.938 visualizzazioni,30 secondi,3 minuti e,,,3.831.159 Mi piace,166.512 Non mi piace,564.061.689 visualizzazioni,564061689
